Nationality;Year;Month;Count
Iceland;2002;03;16966
Iceland;2002;04;16655
Iceland;2002;05;19969
Iceland;2002;06;28034
Iceland;2002;07;26846
Iceland;2002;08;25957
Iceland;2002;09;20201
Iceland;2002;10;22513
Iceland;2002;11;18369
Iceland;2002;12;11835
Iceland;2003;01;17859
Iceland;2003;02;13790
Iceland;2003;03;19640
Iceland;2003;04;25490
Iceland;2003;05;24320
Iceland;2003;06;32333
Iceland;2003;07;35032
Iceland;2003;08;29387
Iceland;2003;09;25170
Iceland;2003;10;29125
Iceland;2003;11;22145
Iceland;2003;12;17310
Iceland;2004;01;21206
Iceland;2004;02;20091
Iceland;2004;03;22219
Iceland;2004;04;31191
Iceland;2004;05;31440
Iceland;2004;06;39694
Iceland;2004;07;36394
Iceland;2004;08;33275
Iceland;2004;09;30055
Iceland;2004;10;31356
Iceland;2004;11;29074
Iceland;2004;12;19355
Iceland;2005;01;23733
Iceland;2005;02;22619
Iceland;2005;03;33017
Iceland;2005;04;27017
Iceland;2005;05;28835
Iceland;2005;06;46171
Iceland;2005;07;41516
Iceland;2005;08;39789
Iceland;2005;09;37524
Iceland;2005;10;33694
Iceland;2005;11;32254
Iceland;2005;12;25213
Iceland;2006;01;27186
Iceland;2006;02;26298
Iceland;2006;03;29495
Iceland;2006;04;40212
Iceland;2006;05;35913
Iceland;2006;06;50628
Iceland;2006;07;42603
Iceland;2006;08;42589
Iceland;2006;09;36217
Iceland;2006;10;38188
Iceland;2006;11;36267
Iceland;2006;12;25937
Iceland;2007;01;29095
Iceland;2007;02;29385
Iceland;2007;03;35351
Iceland;2007;04;37256
Iceland;2007;05;39946
Iceland;2007;06;54769
Iceland;2007;07;49311
Iceland;2007;08;47357
Iceland;2007;09;34801
Iceland;2007;10;42549
Iceland;2007;11;40943
Iceland;2007;12;29119
Iceland;2008;01;31003
Iceland;2008;02;32471
Iceland;2008;03;38635
Iceland;2008;04;34891
Iceland;2008;05;41568
Iceland;2008;06;49073
Iceland;2008;07;44396
Iceland;2008;08;39544
Iceland;2008;09;33587
Iceland;2008;10;28987
Iceland;2008;11;16899
Iceland;2008;12;15592
Iceland;2009;01;18566
Iceland;2009;02;15255
Iceland;2009;03;17609
Iceland;2009;04;24370
Iceland;2009;05;22406
Iceland;2009;06;26763
Iceland;2009;07;23124
Iceland;2009;08;24352
Iceland;2009;09;21688
Iceland;2009;10;24758
Iceland;2009;11;19521
Iceland;2009;12;16125
Iceland;2010;01;19944
Iceland;2010;02;16999
Iceland;2010;03;22413
Iceland;2010;04;19110
Iceland;2010;05;23268
Iceland;2010;06;30736
Iceland;2010;07;28453
Iceland;2010;08;29915
Iceland;2010;09;27808
Iceland;2010;10;30252
Iceland;2010;11;24581
Iceland;2010;12;20291
Iceland;2011;01;22774
Iceland;2011;02;19605
Iceland;2011;03;22641
Iceland;2011;04;28996
Iceland;2011;05;31121
Iceland;2011;06;37438
Iceland;2011;07;32629
Iceland;2011;08;34188
Iceland;2011;09;30809
Iceland;2011;10;32153
Iceland;2011;11;26084
Iceland;2011;12;22653
Iceland;2012;01;23387
Iceland;2012;02;21242
Iceland;2012;03;26494
Iceland;2012;04;28884
Iceland;2012;05;31452
Iceland;2012;06;39361
Iceland;2012;07;35061
Iceland;2012;08;37023
Iceland;2012;09;32313
Iceland;2012;10;35481
Iceland;2012;11;26240
Iceland;2012;12;21263
Iceland;2013;01;23256
Iceland;2013;02;20833
Iceland;2013;03;27345
Iceland;2013;04;28120
Iceland;2013;05;34429
Iceland;2013;06;36284
Iceland;2013;07;33366
Iceland;2013;08;36773
Iceland;2013;09;33488
Iceland;2013;10;37749
Iceland;2013;11;28834
Iceland;2013;12;24435
Iceland;2014;01;25551
Iceland;2014;02;21261
Iceland;2014;03;24393
Iceland;2014;04;35417
Iceland;2014;05;37035
Iceland;2014;06;41163
Iceland;2014;07;39623
Iceland;2014;08;36835
Iceland;2014;09;37410
Iceland;2014;10;40762
Iceland;2014;11;32463
Iceland;2014;12;28089
Iceland;2015;01;27330
Iceland;2015;02;23400
Iceland;2015;03;32722
Iceland;2015;04;35874
Iceland;2015;05;41419
Iceland;2015;06;47790
Iceland;2015;07;44659
Iceland;2015;08;39889
Iceland;2015;09;43851
Iceland;2015;10;44740
Iceland;2015;11;35687
Iceland;2015;12;32913
Iceland;2016;01;30036
Iceland;2016;02;28878
Iceland;2016;03;40336
Iceland;2016;04;38876
Iceland;2016;05;46736
Iceland;2016;06;67075
Iceland;2016;07;55501
Iceland;2016;08;44226
Iceland;2016;09;48089
Iceland;2016;10;50080
Iceland;2016;11;45137
Iceland;2016;12;41287
Iceland;2017;01;37291
Iceland;2017;02;35161
Iceland;2017;03;40877
Iceland;2017;04;62173
Iceland;2017;05;51280
Iceland;2017;06;62234
Iceland;2017;07;62483
Iceland;2017;08;53732
Iceland;2017;09;57175
Iceland;2017;10;59300
Iceland;2017;11;51925
Iceland;2017;12;45321
Iceland;2018;01;39067
Iceland;2018;02;40222
Iceland;2018;03;56767
Iceland;2018;04;52773
Iceland;2018;05;62836
Iceland;2018;06;71208
Iceland;2018;07;66239
Iceland;2018;08;56131
Iceland;2018;09;57821
Iceland;2018;10;63961
Austria;2017;06;2074
Austria;2017;07;3807
Austria;2017;08;3931
Austria;2017;09;1616
Austria;2017;10;758
Austria;2017;11;551
Austria;2017;12;398
Austria;2018;01;552
Austria;2018;02;784
Austria;2018;03;756
Austria;2018;04;761
Austria;2018;05;834
Austria;2018;06;1492
Austria;2018;07;3511
Austria;2018;08;3189
Austria;2018;09;1660
Austria;2018;10;661
Australia;2017;06;3624
Australia;2017;07;4499
Australia;2017;08;4280
Australia;2017;09;4188
Australia;2017;10;3671
Australia;2017;11;2591
Australia;2017;12;3307
Australia;2018;01;4063
Australia;2018;02;2239
Australia;2018;03;2206
Australia;2018;04;2125
Australia;2018;05;2304
Australia;2018;06;3626
Australia;2018;07;4117
Australia;2018;08;3880
Australia;2018;09;4445
Australia;2018;10;3496
USA;2002;03;4238
USA;2002;04;3286
USA;2002;05;3782
USA;2002;06;5635
USA;2002;07;5808
USA;2002;08;5848
USA;2002;09;4172
USA;2002;10;3089
USA;2002;11;2384
USA;2002;12;1767
USA;2003;01;2451
USA;2003;02;1990
USA;2003;03;2969
USA;2003;04;2838
USA;2003;05;3623
USA;2003;06;5943
USA;2003;07;6232
USA;2003;08;6454
USA;2003;09;4554
USA;2003;10;3528
USA;2003;11;2779
USA;2003;12;1881
USA;2004;01;2479
USA;2004;02;2269
USA;2004;03;2796
USA;2004;04;2900
USA;2004;05;4127
USA;2004;06;6263
USA;2004;07;7322
USA;2004;08;7722
USA;2004;09;4530
USA;2004;10;3605
USA;2004;11;2525
USA;2004;12;1828
USA;2005;01;2445
USA;2005;02;2246
USA;2005;03;3082
USA;2005;04;2945
USA;2005;05;4642
USA;2005;06;8165
USA;2005;07;8740
USA;2005;08;8108
USA;2005;09;5667
USA;2005;10;3792
USA;2005;11;2636
USA;2005;12;2163
USA;2006;01;2891
USA;2006;02;2411
USA;2006;03;3379
USA;2006;04;3586
USA;2006;05;5238
USA;2006;06;7578
USA;2006;07;8673
USA;2006;08;8667
USA;2006;09;5378
USA;2006;10;3590
USA;2006;11;2797
USA;2006;12;1612
USA;2007;01;2068
USA;2007;02;1685
USA;2007;03;2517
USA;2007;04;2934
USA;2007;05;4754
USA;2007;06;8788
USA;2007;07;8548
USA;2007;08;8282
USA;2007;09;4996
USA;2007;10;3432
USA;2007;11;2374
USA;2007;12;1531
USA;2008;01;2130
USA;2008;02;1502
USA;2008;03;2112
USA;2008;04;2111
USA;2008;05;3354
USA;2008;06;5947
USA;2008;07;6378
USA;2008;08;6892
USA;2008;09;3784
USA;2008;10;2535
USA;2008;11;2042
USA;2008;12;1708
USA;2009;01;2386
USA;2009;02;1756
USA;2009;03;2693
USA;2009;04;2105
USA;2009;05;3625
USA;2009;06;6024
USA;2009;07;6422
USA;2009;08;7329
USA;2009;09;4721
USA;2009;10;2946
USA;2009;11;2404
USA;2009;12;1498
USA;2010;01;2077
USA;2010;02;2186
USA;2010;03;3035
USA;2010;04;2117
USA;2010;05;3470
USA;2010;06;7257
USA;2010;07;8128
USA;2010;08;8363
USA;2010;09;5629
USA;2010;10;3844
USA;2010;11;2806
USA;2010;12;2254
USA;2011;01;2909
USA;2011;02;2900
USA;2011;03;3710
USA;2011;04;3318
USA;2011;05;5117
USA;2011;06;11580
USA;2011;07;13545
USA;2011;08;13821
USA;2011;09;8272
USA;2011;10;5549
USA;2011;11;4108
USA;2011;12;2732
USA;2012;01;3914
USA;2012;02;3879
USA;2012;03;4513
USA;2012;04;4450
USA;2012;05;7469
USA;2012;06;14258
USA;2012;07;14960
USA;2012;08;15825
USA;2012;09;9820
USA;2012;10;5912
USA;2012;11;6414
USA;2012;12;3612
USA;2013;01;5054
USA;2013;02;5357
USA;2013;03;6962
USA;2013;04;5990
USA;2013;05;8864
USA;2013;06;17581
USA;2013;07;18452
USA;2013;08;19409
USA;2013;09;11547
USA;2013;10;7162
USA;2013;11;7333
USA;2013;12;6001
USA;2014;01;6770
USA;2014;02;6743
USA;2014;03;12217
USA;2014;04;7691
USA;2014;05;11495
USA;2014;06;21255
USA;2014;07;22998
USA;2014;08;22513
USA;2014;09;15329
USA;2014;10;8498
USA;2014;11;9735
USA;2014;12;6860
USA;2015;01;9377
USA;2015;02;9039
USA;2015;03;14391
USA;2015;04;10870
USA;2015;05;20267
USA;2015;06;33589
USA;2015;07;37235
USA;2015;08;36410
USA;2015;09;27972
USA;2015;10;16122
USA;2015;11;15320
USA;2015;12;12213
USA;2016;01;14428
USA;2016;02;16339
USA;2016;03;23587
USA;2016;04;20186
USA;2016;05;32563
USA;2016;06;55510
USA;2016;07;60607
USA;2016;08;56924
USA;2016;09;45378
USA;2016;10;34756
USA;2016;11;30580
USA;2016;12;24429
USA;2017;01;31009
USA;2017;02;28913
USA;2017;03;42978
USA;2017;04;40388
USA;2017;05;43626
USA;2017;06;71949
USA;2017;07;80622
USA;2017;08;74604
USA;2017;09;57315
USA;2017;10;44969
USA;2017;11;33629
USA;2017;12;26401
USA;2018;01;33501
USA;2018;02;30526
USA;2018;03;41904
USA;2018;04;36274
USA;2018;05;51608
USA;2018;06;92879
USA;2018;07;102709
USA;2018;08;97434
USA;2018;09;82346
USA;2018;10;60976
Belgium;2017;06;2158
Belgium;2017;07;4750
Belgium;2017;08;3677
Belgium;2017;09;2352
Belgium;2017;10;960
Belgium;2017;11;1099
Belgium;2017;12;750
Belgium;2018;01;1090
Belgium;2018;02;1465
Belgium;2018;03;1089
Belgium;2018;04;1413
Belgium;2018;05;1139
Belgium;2018;06;1846
Belgium;2018;07;3814
Belgium;2018;08;3257
Belgium;2018;09;2966
Belgium;2018;10;809
UK;2002;03;3401
UK;2002;04;5156
UK;2002;05;2590
UK;2002;06;3600
UK;2002;07;5636
UK;2002;08;5573
UK;2002;09;3271
UK;2002;10;5086
UK;2002;11;2780
UK;2002;12;1816
UK;2003;01;2927
UK;2003;02;3605
UK;2003;03;3812
UK;2003;04;5840
UK;2003;05;3960
UK;2003;06;4734
UK;2003;07;6826
UK;2003;08;7270
UK;2003;09;4179
UK;2003;10;4143
UK;2003;11;3363
UK;2003;12;2314
UK;2004;01;2553
UK;2004;02;3793
UK;2004;03;3551
UK;2004;04;7335
UK;2004;05;3950
UK;2004;06;5812
UK;2004;07;7541
UK;2004;08;8804
UK;2004;09;4469
UK;2004;10;6356
UK;2004;11;3507
UK;2004;12;2185
UK;2005;01;3112
UK;2005;02;4292
UK;2005;03;4033
UK;2005;04;5745
UK;2005;05;4001
UK;2005;06;5875
UK;2005;07;8044
UK;2005;08;7985
UK;2005;09;4386
UK;2005;10;5662
UK;2005;11;3055
UK;2005;12;2370
UK;2006;01;3437
UK;2006;02;3680
UK;2006;03;3471
UK;2006;04;6283
UK;2006;05;4948
UK;2006;06;6613
UK;2006;07;8047
UK;2006;08;8728
UK;2006;09;5729
UK;2006;10;7509
UK;2006;11;5100
UK;2006;12;3985
UK;2007;01;4287
UK;2007;02;5344
UK;2007;03;5486
UK;2007;04;7547
UK;2007;05;4997
UK;2007;06;6594
UK;2007;07;8775
UK;2007;08;8813
UK;2007;09;5602
UK;2007;10;7309
UK;2007;11;5150
UK;2007;12;3487
UK;2008;01;3872
UK;2008;02;5797
UK;2008;03;5703
UK;2008;04;5817
UK;2008;05;4938
UK;2008;06;5440
UK;2008;07;8031
UK;2008;08;8685
UK;2008;09;6812
UK;2008;10;6377
UK;2008;11;4957
UK;2008;12;3553
UK;2009;01;3865
UK;2009;02;4881
UK;2009;03;5197
UK;2009;04;5794
UK;2009;05;4324
UK;2009;06;4377
UK;2009;07;6319
UK;2009;08;7208
UK;2009;09;4845
UK;2009;10;6088
UK;2009;11;5017
UK;2009;12;3704
UK;2010;01;4312
UK;2010;02;6116
UK;2010;03;6544
UK;2010;04;5286
UK;2010;05;3137
UK;2010;06;4051
UK;2010;07;6222
UK;2010;08;6383
UK;2010;09;3749
UK;2010;10;6545
UK;2010;11;4229
UK;2010;12;3752
UK;2011;01;4526
UK;2011;02;7033
UK;2011;03;5719
UK;2011;04;6722
UK;2011;05;3375
UK;2011;06;4360
UK;2011;07;7059
UK;2011;08;6997
UK;2011;09;4190
UK;2011;10;7703
UK;2011;11;5090
UK;2011;12;4834
UK;2012;01;6956
UK;2012;02;10522
UK;2012;03;9107
UK;2012;04;8437
UK;2012;05;4352
UK;2012;06;5878
UK;2012;07;8506
UK;2012;08;7784
UK;2012;09;6313
UK;2012;10;9458
UK;2012;11;10241
UK;2012;12;7045
UK;2013;01;10031
UK;2013;02;15970
UK;2013;03;15458
UK;2013;04;11490
UK;2013;05;6763
UK;2013;06;6969
UK;2013;07;9954
UK;2013;08;10215
UK;2013;09;8087
UK;2013;10;13000
UK;2013;11;15527
UK;2013;12;13644
UK;2014;01;16576
UK;2014;02;22820
UK;2014;03;21093
UK;2014;04;15661
UK;2014;05;8280
UK;2014;06;9479
UK;2014;07;12641
UK;2014;08;11156
UK;2014;09;9384
UK;2014;10;16249
UK;2014;11;19638
UK;2014;12;17526
UK;2015;01;21686
UK;2015;02;29250
UK;2015;03;28142
UK;2015;04;18930
UK;2015;05;10717
UK;2015;06;11539
UK;2015;07;15601
UK;2015;08;15063
UK;2015;09;12678
UK;2015;10;24200
UK;2015;11;28943
UK;2015;12;24275
UK;2016;01;27521
UK;2016;02;43123
UK;2016;03;36530
UK;2016;04;23990
UK;2016;05;15860
UK;2016;06;16189
UK;2016;07;18162
UK;2016;08;17558
UK;2016;09;16274
UK;2016;10;31205
UK;2016;11;36594
UK;2016;12;33389
UK;2017;01;38357
UK;2017;02;47321
UK;2017;03;38687
UK;2017;04;27817
UK;2017;05;11363
UK;2017;06;13878
UK;2017;07;16551
UK;2017;08;16179
UK;2017;09;15779
UK;2017;10;26862
UK;2017;11;36378
UK;2017;12;33371
UK;2018;01;37999
UK;2018;02;46931
UK;2018;03;35044
UK;2018;04;22841
UK;2018;05;10651
UK;2018;06;12846
UK;2018;07;14353
UK;2018;08;14533
UK;2018;09;13530
UK;2018;10;24657
Denmark;2002;03;1329
Denmark;2002;04;1159
Denmark;2002;05;1480
Denmark;2002;06;2249
Denmark;2002;07;4033
Denmark;2002;08;2765
Denmark;2002;09;2143
Denmark;2002;10;1475
Denmark;2002;11;1155
Denmark;2002;12;855
Denmark;2003;01;763
Denmark;2003;02;917
Denmark;2003;03;1532
Denmark;2003;04;1664
Denmark;2003;05;1549
Denmark;2003;06;2955
Denmark;2003;07;4918
Denmark;2003;08;3156
Denmark;2003;09;2561
Denmark;2003;10;2031
Denmark;2003;11;1349
Denmark;2003;12;931
Denmark;2004;01;1114
Denmark;2004;02;1483
Denmark;2004;03;1909
Denmark;2004;04;2413
Denmark;2004;05;2993
Denmark;2004;06;3269
Denmark;2004;07;6395
Denmark;2004;08;4068
Denmark;2004;09;3612
Denmark;2004;10;2799
Denmark;2004;11;1582
Denmark;2004;12;1208
Denmark;2005;01;1255
Denmark;2005;02;1379
Denmark;2005;03;2145
Denmark;2005;04;2401
Denmark;2005;05;3164
Denmark;2005;06;3377
Denmark;2005;07;7128
Denmark;2005;08;4905
Denmark;2005;09;3712
Denmark;2005;10;2767
Denmark;2005;11;1492
Denmark;2005;12;1227
Denmark;2006;01;1374
Denmark;2006;02;1460
Denmark;2006;03;1981
Denmark;2006;04;2927
Denmark;2006;05;3397
Denmark;2006;06;3309
Denmark;2006;07;6993
Denmark;2006;08;5034
Denmark;2006;09;4555
Denmark;2006;10;3426
Denmark;2006;11;2245
Denmark;2006;12;1504
Denmark;2007;01;2001
Denmark;2007;02;1731
Denmark;2007;03;2841
Denmark;2007;04;2832
Denmark;2007;05;3016
Denmark;2007;06;4632
Denmark;2007;07;7583
Denmark;2007;08;5432
Denmark;2007;09;3926
Denmark;2007;10;3739
Denmark;2007;11;2132
Denmark;2007;12;1527
Denmark;2008;01;1941
Denmark;2008;02;1762
Denmark;2008;03;2307
Denmark;2008;04;2583
Denmark;2008;05;3351
Denmark;2008;06;4683
Denmark;2008;07;7737
Denmark;2008;08;5370
Denmark;2008;09;4123
Denmark;2008;10;2909
Denmark;2008;11;2391
Denmark;2008;12;1869
Denmark;2009;01;1910
Denmark;2009;02;1885
Denmark;2009;03;2460
Denmark;2009;04;3053
Denmark;2009;05;3345
Denmark;2009;06;4363
Denmark;2009;07;7787
Denmark;2009;08;6058
Denmark;2009;09;3451
Denmark;2009;10;3024
Denmark;2009;11;1640
Denmark;2009;12;1294
Denmark;2010;01;1232
Denmark;2010;02;1418
Denmark;2010;03;2274
Denmark;2010;04;1971
Denmark;2010;05;2841
Denmark;2010;06;4259
Denmark;2010;07;8058
Denmark;2010;08;5804
Denmark;2010;09;3602
Denmark;2010;10;3405
Denmark;2010;11;1720
Denmark;2010;12;1555
Denmark;2011;01;1625
Denmark;2011;02;1472
Denmark;2011;03;2208
Denmark;2011;04;3175
Denmark;2011;05;3436
Denmark;2011;06;4532
Denmark;2011;07;7996
Denmark;2011;08;6027
Denmark;2011;09;3894
Denmark;2011;10;3450
Denmark;2011;11;1574
Denmark;2011;12;1316
Denmark;2012;01;1715
Denmark;2012;02;1525
Denmark;2012;03;2695
Denmark;2012;04;2855
Denmark;2012;05;2981
Denmark;2012;06;4175
Denmark;2012;07;8167
Denmark;2012;08;6110
Denmark;2012;09;4138
Denmark;2012;10;3392
Denmark;2012;11;1804
Denmark;2012;12;1349
Denmark;2013;01;1504
Denmark;2013;02;1590
Denmark;2013;03;2747
Denmark;2013;04;2750
Denmark;2013;05;3427
Denmark;2013;06;4300
Denmark;2013;07;8938
Denmark;2013;08;5547
Denmark;2013;09;4884
Denmark;2013;10;3951
Denmark;2013;11;1956
Denmark;2013;12;1525
Denmark;2014;01;1932
Denmark;2014;02;1876
Denmark;2014;03;2769
Denmark;2014;04;3477
Denmark;2014;05;4116
Denmark;2014;06;4939
Denmark;2014;07;8567
Denmark;2014;08;5855
Denmark;2014;09;5284
Denmark;2014;10;4450
Denmark;2014;11;2884
Denmark;2014;12;2088
Denmark;2015;01;2164
Denmark;2015;02;2318
Denmark;2015;03;3183
Denmark;2015;04;4323
Denmark;2015;05;4025
Denmark;2015;06;4267
Denmark;2015;07;8514
Denmark;2015;08;6022
Denmark;2015;09;4866
Denmark;2015;10;4962
Denmark;2015;11;2933
Denmark;2015;12;1648
Denmark;2016;01;2063
Denmark;2016;02;1761
Denmark;2016;03;3265
Denmark;2016;04;3955
Denmark;2016;05;4519
Denmark;2016;06;4560
Denmark;2016;07;8982
Denmark;2016;08;5792
Denmark;2016;09;5308
Denmark;2016;10;5362
Denmark;2016;11;2588
Denmark;2016;12;1796
Denmark;2017;01;2074
Denmark;2017;02;2412
Denmark;2017;03;3392
Denmark;2017;04;5026
Denmark;2017;05;4517
Denmark;2017;06;5194
Denmark;2017;07;8817
Denmark;2017;08;6280
Denmark;2017;09;5507
Denmark;2017;10;5068
Denmark;2017;11;2615
Denmark;2017;12;2338
Denmark;2018;01;2671
Denmark;2018;02;2886
Denmark;2018;03;4401
Denmark;2018;04;4847
Denmark;2018;05;4125
Denmark;2018;06;4134
Denmark;2018;07;7639
Denmark;2018;08;5741
Denmark;2018;09;4714
Denmark;2018;10;4884
Estonia;2017;06;2581
Estonia;2017;07;3363
Estonia;2017;08;2927
Estonia;2017;09;2263
Estonia;2017;10;2478
Estonia;2017;11;2042
Estonia;2017;12;2837
Estonia;2018;01;1713
Estonia;2018;02;1968
Estonia;2018;03;2644
Estonia;2018;04;2350
Estonia;2018;05;2430
Estonia;2018;06;3140
Estonia;2018;07;3561
Estonia;2018;08;3026
Estonia;2018;09;2738
Estonia;2018;10;2609
Finland;2002;03;414
Finland;2002;04;643
Finland;2002;05;523
Finland;2002;06;842
Finland;2002;07;724
Finland;2002;08;882
Finland;2002;09;676
Finland;2002;10;465
Finland;2002;11;296
Finland;2002;12;212
Finland;2003;01;194
Finland;2003;02;290
Finland;2003;03;545
Finland;2003;04;702
Finland;2003;05;736
Finland;2003;06;644
Finland;2003;07;845
Finland;2003;08;925
Finland;2003;09;715
Finland;2003;10;951
Finland;2003;11;270
Finland;2003;12;153
Finland;2004;01;295
Finland;2004;02;285
Finland;2004;03;452
Finland;2004;04;512
Finland;2004;05;704
Finland;2004;06;1139
Finland;2004;07;1195
Finland;2004;08;918
Finland;2004;09;813
Finland;2004;10;550
Finland;2004;11;383
Finland;2004;12;214
Finland;2005;01;153
Finland;2005;02;233
Finland;2005;03;326
Finland;2005;04;536
Finland;2005;05;811
Finland;2005;06;1038
Finland;2005;07;1556
Finland;2005;08;1256
Finland;2005;09;848
Finland;2005;10;1203
Finland;2005;11;221
Finland;2005;12;192
Finland;2006;01;221
Finland;2006;02;250
Finland;2006;03;309
Finland;2006;04;535
Finland;2006;05;960
Finland;2006;06;1132
Finland;2006;07;1423
Finland;2006;08;1181
Finland;2006;09;1117
Finland;2006;10;923
Finland;2006;11;293
Finland;2006;12;191
Finland;2007;01;332
Finland;2007;02;305
Finland;2007;03;286
Finland;2007;04;534
Finland;2007;05;1077
Finland;2007;06;1498
Finland;2007;07;1700
Finland;2007;08;1287
Finland;2007;09;1085
Finland;2007;10;1028
Finland;2007;11;456
Finland;2007;12;287
Finland;2008;01;288
Finland;2008;02;586
Finland;2008;03;711
Finland;2008;04;804
Finland;2008;05;1142
Finland;2008;06;1528
Finland;2008;07;1506
Finland;2008;08;1230
Finland;2008;09;1204
Finland;2008;10;995
Finland;2008;11;468
Finland;2008;12;335
Finland;2009;01;316
Finland;2009;02;322
Finland;2009;03;421
Finland;2009;04;644
Finland;2009;05;1376
Finland;2009;06;1617
Finland;2009;07;2159
Finland;2009;08;1824
Finland;2009;09;1077
Finland;2009;10;1163
Finland;2009;11;399
Finland;2009;12;248
Finland;2010;01;275
Finland;2010;02;268
Finland;2010;03;530
Finland;2010;04;926
Finland;2010;05;842
Finland;2010;06;1459
Finland;2010;07;1769
Finland;2010;08;1762
Finland;2010;09;1004
Finland;2010;10;1053
Finland;2010;11;618
Finland;2010;12;506
Finland;2011;01;443
Finland;2011;02;228
Finland;2011;03;339
Finland;2011;04;937
Finland;2011;05;1248
Finland;2011;06;1467
Finland;2011;07;2318
Finland;2011;08;2026
Finland;2011;09;1395
Finland;2011;10;779
Finland;2011;11;383
Finland;2011;12;468
Finland;2012;01;416
Finland;2012;02;238
Finland;2012;03;725
Finland;2012;04;1093
Finland;2012;05;1381
Finland;2012;06;1969
Finland;2012;07;2198
Finland;2012;08;1542
Finland;2012;09;1792
Finland;2012;10;935
Finland;2012;11;758
Finland;2012;12;637
Finland;2013;01;347
Finland;2013;02;387
Finland;2013;03;756
Finland;2013;04;1416
Finland;2013;05;1481
Finland;2013;06;1898
Finland;2013;07;1786
Finland;2013;08;1731
Finland;2013;09;1577
Finland;2013;10;1198
Finland;2013;11;578
Finland;2013;12;644
Finland;2014;01;351
Finland;2014;02;347
Finland;2014;03;783
Finland;2014;04;1382
Finland;2014;05;1922
Finland;2014;06;2086
Finland;2014;07;2433
Finland;2014;08;1728
Finland;2014;09;1692
Finland;2014;10;1357
Finland;2014;11;736
Finland;2014;12;598
Finland;2015;01;482
Finland;2015;02;624
Finland;2015;03;803
Finland;2015;04;1342
Finland;2015;05;1933
Finland;2015;06;2102
Finland;2015;07;1937
Finland;2015;08;1947
Finland;2015;09;1831
Finland;2015;10;1658
Finland;2015;11;781
Finland;2015;12;581
Finland;2016;01;498
Finland;2016;02;551
Finland;2016;03;1125
Finland;2016;04;1300
Finland;2016;05;2595
Finland;2016;06;2576
Finland;2016;07;2578
Finland;2016;08;1933
Finland;2016;09;2150
Finland;2016;10;2897
Finland;2016;11;905
Finland;2016;12;787
Finland;2017;01;666
Finland;2017;02;652
Finland;2017;03;1123
Finland;2017;04;2537
Finland;2017;05;3097
Finland;2017;06;3602
Finland;2017;07;3326
Finland;2017;08;2518
Finland;2017;09;2417
Finland;2017;10;2306
Finland;2017;11;913
Finland;2017;12;911
Finland;2018;01;793
Finland;2018;02;991
Finland;2018;03;1175
Finland;2018;04;2324
Finland;2018;05;2796
Finland;2018;06;2641
Finland;2018;07;2691
Finland;2018;08;1927
Finland;2018;09;1892
Finland;2018;10;1827
France;2002;03;660
France;2002;04;687
France;2002;05;871
France;2002;06;2184
France;2002;07;4800
France;2002;08;5197
France;2002;09;1653
France;2002;10;408
France;2002;11;530
France;2002;12;358
France;2003;01;412
France;2003;02;631
France;2003;03;1072
France;2003;04;880
France;2003;05;967
France;2003;06;2803
France;2003;07;4870
France;2003;08;5908
France;2003;09;1487
France;2003;10;532
France;2003;11;288
France;2003;12;495
France;2004;01;772
France;2004;02;675
France;2004;03;814
France;2004;04;956
France;2004;05;935
France;2004;06;2138
France;2004;07;5492
France;2004;08;6429
France;2004;09;1403
France;2004;10;749
France;2004;11;575
France;2004;12;544
France;2005;01;577
France;2005;02;672
France;2005;03;807
France;2005;04;961
France;2005;05;1217
France;2005;06;2358
France;2005;07;5272
France;2005;08;5672
France;2005;09;1282
France;2005;10;663
France;2005;11;467
France;2005;12;568
France;2006;01;650
France;2006;02;786
France;2006;03;883
France;2006;04;992
France;2006;05;1152
France;2006;06;2420
France;2006;07;5186
France;2006;08;5907
France;2006;09;1384
France;2006;10;613
France;2006;11;519
France;2006;12;581
France;2007;01;546
France;2007;02;686
France;2007;03;919
France;2007;04;1248
France;2007;05;1471
France;2007;06;2189
France;2007;07;5917
France;2007;08;6487
France;2007;09;1173
France;2007;10;776
France;2007;11;696
France;2007;12;563
France;2008;01;1040
France;2008;02;1074
France;2008;03;1093
France;2008;04;1204
France;2008;05;1468
France;2008;06;2780
France;2008;07;6129
France;2008;08;7232
France;2008;09;1708
France;2008;10;850
France;2008;11;804
France;2008;12;779
France;2009;01;914
France;2009;02;818
France;2009;03;1070
France;2009;04;1382
France;2009;05;1775
France;2009;06;3086
France;2009;07;6327
France;2009;08;8824
France;2009;09;2249
France;2009;10;889
France;2009;11;746
France;2009;12;738
France;2010;01;796
France;2010;02;884
France;2010;03;1604
France;2010;04;1141
France;2010;05;1457
France;2010;06;3365
France;2010;07;6400
France;2010;08;9103
France;2010;09;1728
France;2010;10;1127
France;2010;11;844
France;2010;12;806
France;2011;01;1451
France;2011;02;1268
France;2011;03;1582
France;2011;04;1836
France;2011;05;1737
France;2011;06;3946
France;2011;07;7945
France;2011;08;10376
France;2011;09;2403
France;2011;10;1598
France;2011;11;993
France;2011;12;822
France;2012;01;1387
France;2012;02;1336
France;2012;03;1747
France;2012;04;2213
France;2012;05;2314
France;2012;06;4412
France;2012;07;8454
France;2012;08;12258
France;2012;09;3646
France;2012;10;1196
France;2012;11;1514
France;2012;12;1093
France;2013;01;1371
France;2013;02;1671
France;2013;03;2427
France;2013;04;1911
France;2013;05;3012
France;2013;06;6268
France;2013;07;10183
France;2013;08;12927
France;2013;09;3855
France;2013;10;1698
France;2013;11;1656
France;2013;12;1334
France;2014;01;1981
France;2014;02;2498
France;2014;03;2999
France;2014;04;2345
France;2014;05;3656
France;2014;06;7131
France;2014;07;10771
France;2014;08;15083
France;2014;09;4687
France;2014;10;2814
France;2014;11;2294
France;2014;12;2034
France;2015;01;3206
France;2015;02;3695
France;2015;03;3951
France;2015;04;2938
France;2015;05;4607
France;2015;06;7254
France;2015;07;12074
France;2015;08;16193
France;2015;09;5081
France;2015;10;2926
France;2015;11;2261
France;2015;12;1636
France;2016;01;2518
France;2016;02;3596
France;2016;03;4483
France;2016;04;4170
France;2016;05;5629
France;2016;06;9234
France;2016;07;14508
France;2016;08;20844
France;2016;09;7213
France;2016;10;5318
France;2016;11;3884
France;2016;12;3824
France;2017;01;4457
France;2017;02;6638
France;2017;03;5938
France;2017;04;6739
France;2017;05;7574
France;2017;06;11082
France;2017;07;15137
France;2017;08;20440
France;2017;09;8380
France;2017;10;5609
France;2017;11;4635
France;2017;12;3745
France;2018;01;5446
France;2018;02;6699
France;2018;03;8241
France;2018;04;6073
France;2018;05;8192
France;2018;06;9907
France;2018;07;12605
France;2018;08;17774
France;2018;09;7349
France;2018;10;6034
Netherlands;2002;03;611
Netherlands;2002;04;680
Netherlands;2002;05;856
Netherlands;2002;06;1020
Netherlands;2002;07;1773
Netherlands;2002;08;1871
Netherlands;2002;09;940
Netherlands;2002;10;563
Netherlands;2002;11;385
Netherlands;2002;12;286
Netherlands;2003;01;294
Netherlands;2003;02;458
Netherlands;2003;03;1146
Netherlands;2003;04;480
Netherlands;2003;05;929
Netherlands;2003;06;1083
Netherlands;2003;07;1965
Netherlands;2003;08;2161
Netherlands;2003;09;844
Netherlands;2003;10;640
Netherlands;2003;11;391
Netherlands;2003;12;335
Netherlands;2004;01;313
Netherlands;2004;02;522
Netherlands;2004;03;932
Netherlands;2004;04;569
Netherlands;2004;05;880
Netherlands;2004;06;1115
Netherlands;2004;07;2185
Netherlands;2004;08;2235
Netherlands;2004;09;1085
Netherlands;2004;10;530
Netherlands;2004;11;377
Netherlands;2004;12;271
Netherlands;2005;01;376
Netherlands;2005;02;500
Netherlands;2005;03;674
Netherlands;2005;04;470
Netherlands;2005;05;822
Netherlands;2005;06;1201
Netherlands;2005;07;2083
Netherlands;2005;08;2374
Netherlands;2005;09;1159
Netherlands;2005;10;785
Netherlands;2005;11;400
Netherlands;2005;12;314
Netherlands;2006;01;392
Netherlands;2006;02;544
Netherlands;2006;03;636
Netherlands;2006;04;608
Netherlands;2006;05;863
Netherlands;2006;06;1211
Netherlands;2006;07;1996
Netherlands;2006;08;2158
Netherlands;2006;09;1225
Netherlands;2006;10;996
Netherlands;2006;11;534
Netherlands;2006;12;351
Netherlands;2007;01;441
Netherlands;2007;02;454
Netherlands;2007;03;720
Netherlands;2007;04;654
Netherlands;2007;05;1256
Netherlands;2007;06;1727
Netherlands;2007;07;3103
Netherlands;2007;08;2929
Netherlands;2007;09;1443
Netherlands;2007;10;822
Netherlands;2007;11;457
Netherlands;2007;12;399
Netherlands;2008;01;573
Netherlands;2008;02;655
Netherlands;2008;03;1075
Netherlands;2008;04;956
Netherlands;2008;05;1739
Netherlands;2008;06;2066
Netherlands;2008;07;3448
Netherlands;2008;08;3841
Netherlands;2008;09;1629
Netherlands;2008;10;1191
Netherlands;2008;11;895
Netherlands;2008;12;688
Netherlands;2009;01;559
Netherlands;2009;02;680
Netherlands;2009;03;1158
Netherlands;2009;04;1020
Netherlands;2009;05;1621
Netherlands;2009;06;3034
Netherlands;2009;07;2825
Netherlands;2009;08;3523
Netherlands;2009;09;1837
Netherlands;2009;10;1312
Netherlands;2009;11;943
Netherlands;2009;12;750
Netherlands;2010;01;669
Netherlands;2010;02;839
Netherlands;2010;03;1188
Netherlands;2010;04;821
Netherlands;2010;05;1467
Netherlands;2010;06;1857
Netherlands;2010;07;2866
Netherlands;2010;08;3265
Netherlands;2010;09;1440
Netherlands;2010;10;1365
Netherlands;2010;11;891
Netherlands;2010;12;613
Netherlands;2011;01;698
Netherlands;2011;02;969
Netherlands;2011;03;1191
Netherlands;2011;04;1216
Netherlands;2011;05;1939
Netherlands;2011;06;2178
Netherlands;2011;07;3398
Netherlands;2011;08;3619
Netherlands;2011;09;2026
Netherlands;2011;10;1475
Netherlands;2011;11;751
Netherlands;2011;12;537
Netherlands;2012;01;722
Netherlands;2012;02;1021
Netherlands;2012;03;1279
Netherlands;2012;04;1158
Netherlands;2012;05;2119
Netherlands;2012;06;2319
Netherlands;2012;07;3841
Netherlands;2012;08;4006
Netherlands;2012;09;2045
Netherlands;2012;10;1414
Netherlands;2012;11;835
Netherlands;2012;12;546
Netherlands;2013;01;733
Netherlands;2013;02;1272
Netherlands;2013;03;1552
Netherlands;2013;04;1248
Netherlands;2013;05;1725
Netherlands;2013;06;2514
Netherlands;2013;07;4237
Netherlands;2013;08;4443
Netherlands;2013;09;1993
Netherlands;2013;10;1201
Netherlands;2013;11;1034
Netherlands;2013;12;868
Netherlands;2014;01;953
Netherlands;2014;02;1651
Netherlands;2014;03;1857
Netherlands;2014;04;1308
Netherlands;2014;05;1891
Netherlands;2014;06;2904
Netherlands;2014;07;4734
Netherlands;2014;08;4919
Netherlands;2014;09;2241
Netherlands;2014;10;1675
Netherlands;2014;11;1179
Netherlands;2014;12;910
Netherlands;2015;01;1150
Netherlands;2015;02;1906
Netherlands;2015;03;1819
Netherlands;2015;04;1105
Netherlands;2015;05;2504
Netherlands;2015;06;2929
Netherlands;2015;07;5086
Netherlands;2015;08;5592
Netherlands;2015;09;2725
Netherlands;2015;10;2105
Netherlands;2015;11;1539
Netherlands;2015;12;1086
Netherlands;2016;01;1346
Netherlands;2016;02;2012
Netherlands;2016;03;2212
Netherlands;2016;04;1680
Netherlands;2016;05;3437
Netherlands;2016;06;3971
Netherlands;2016;07;5900
Netherlands;2016;08;6596
Netherlands;2016;09;3737
Netherlands;2016;10;3468
Netherlands;2016;11;2471
Netherlands;2016;12;2268
Netherlands;2017;01;2953
Netherlands;2017;02;3056
Netherlands;2017;03;3835
Netherlands;2017;04;3686
Netherlands;2017;05;4271
Netherlands;2017;06;4564
Netherlands;2017;07;6138
Netherlands;2017;08;7952
Netherlands;2017;09;4326
Netherlands;2017;10;3806
Netherlands;2017;11;2464
Netherlands;2017;12;2113
Netherlands;2018;01;2609
Netherlands;2018;02;2652
Netherlands;2018;03;3516
Netherlands;2018;04;2749
Netherlands;2018;05;4868
Netherlands;2018;06;4084
Netherlands;2018;07;5357
Netherlands;2018;08;6336
Netherlands;2018;09;4025
Netherlands;2018;10;3603
HongKong;2017;06;1346
HongKong;2017;07;1359
HongKong;2017;08;1569
HongKong;2017;09;1486
HongKong;2017;10;1635
HongKong;2017;11;1136
HongKong;2017;12;1370
HongKong;2018;01;1128
HongKong;2018;02;1542
HongKong;2018;03;1709
HongKong;2018;04;1007
HongKong;2018;05;563
HongKong;2018;06;1184
HongKong;2018;07;1291
HongKong;2018;08;1290
HongKong;2018;09;1444
HongKong;2018;10;1712
India;2017;06;1787
India;2017;07;1664
India;2017;08;1494
India;2017;09;1717
India;2017;10;1979
India;2017;11;1065
India;2017;12;1238
India;2018;01;867
India;2018;02;949
India;2018;03;1245
India;2018;04;1470
India;2018;05;1849
India;2018;06;2246
India;2018;07;2050
India;2018;08;1661
India;2018;09;2140
India;2018;10;2310
Ireland;2017;06;1430
Ireland;2017;07;1431
Ireland;2017;08;1830
Ireland;2017;09;1193
Ireland;2017;10;3069
Ireland;2017;11;3440
Ireland;2017;12;1771
Ireland;2018;01;2670
Ireland;2018;02;3109
Ireland;2018;03;2934
Ireland;2018;04;2342
Ireland;2018;05;1035
Ireland;2018;06;1350
Ireland;2018;07;1221
Ireland;2018;08;1358
Ireland;2018;09;1122
Ireland;2018;10;2972
Israel;2017;06;450
Israel;2017;07;1697
Israel;2017;08;1875
Israel;2017;09;1155
Israel;2017;10;1367
Israel;2017;11;218
Israel;2017;12;183
Israel;2018;01;128
Israel;2018;02;200
Israel;2018;03;214
Israel;2018;04;297
Israel;2018;05;458
Israel;2018;06;829
Israel;2018;07;2041
Israel;2018;08;2825
Israel;2018;09;2093
Israel;2018;10;755
Italia;2002;03;102
Italia;2002;04;96
Italia;2002;05;238
Italia;2002;06;709
Italia;2002;07;1725
Italia;2002;08;3674
Italia;2002;09;393
Italia;2002;10;109
Italia;2002;11;129
Italia;2002;12;104
Italia;2003;01;222
Italia;2003;02;108
Italia;2003;03;159
Italia;2003;04;196
Italia;2003;05;222
Italia;2003;06;748
Italia;2003;07;1939
Italia;2003;08;4255
Italia;2003;09;546
Italia;2003;10;166
Italia;2003;11;166
Italia;2003;12;264
Italia;2004;01;231
Italia;2004;02;157
Italia;2004;03;188
Italia;2004;04;312
Italia;2004;05;381
Italia;2004;06;751
Italia;2004;07;2292
Italia;2004;08;4001
Italia;2004;09;525
Italia;2004;10;209
Italia;2004;11;165
Italia;2004;12;258
Italia;2005;01;229
Italia;2005;02;150
Italia;2005;03;218
Italia;2005;04;187
Italia;2005;05;291
Italia;2005;06;867
Italia;2005;07;1915
Italia;2005;08;3908
Italia;2005;09;621
Italia;2005;10;227
Italia;2005;11;185
Italia;2005;12;174
Italia;2006;01;160
Italia;2006;02;141
Italia;2006;03;175
Italia;2006;04;248
Italia;2006;05;459
Italia;2006;06;916
Italia;2006;07;1824
Italia;2006;08;3558
Italia;2006;09;680
Italia;2006;10;266
Italia;2006;11;214
Italia;2006;12;199
Italia;2007;01;264
Italia;2007;02;144
Italia;2007;03;488
Italia;2007;04;238
Italia;2007;05;429
Italia;2007;06;1111
Italia;2007;07;2079
Italia;2007;08;4339
Italia;2007;09;743
Italia;2007;10;276
Italia;2007;11;199
Italia;2007;12;165
Italia;2008;01;291
Italia;2008;02;160
Italia;2008;03;242
Italia;2008;04;279
Italia;2008;05;404
Italia;2008;06;1110
Italia;2008;07;1857
Italia;2008;08;4212
Italia;2008;09;874
Italia;2008;10;312
Italia;2008;11;183
Italia;2008;12;192
Italia;2009;01;266
Italia;2009;02;116
Italia;2009;03;228
Italia;2009;04;290
Italia;2009;05;371
Italia;2009;06;1284
Italia;2009;07;2709
Italia;2009;08;5895
Italia;2009;09;817
Italia;2009;10;275
Italia;2009;11;197
Italia;2009;12;197
Italia;2010;01;252
Italia;2010;02;206
Italia;2010;03;237
Italia;2010;04;211
Italia;2010;05;299
Italia;2010;06;925
Italia;2010;07;2112
Italia;2010;08;4149
Italia;2010;09;542
Italia;2010;10;259
Italia;2010;11;260
Italia;2010;12;240
Italia;2011;01;301
Italia;2011;02;216
Italia;2011;03;247
Italia;2011;04;327
Italia;2011;05;404
Italia;2011;06;1251
Italia;2011;07;2260
Italia;2011;08;5714
Italia;2011;09;796
Italia;2011;10;302
Italia;2011;11;323
Italia;2011;12;205
Italia;2012;01;249
Italia;2012;02;208
Italia;2012;03;354
Italia;2012;04;329
Italia;2012;05;421
Italia;2012;06;1385
Italia;2012;07;3176
Italia;2012;08;5653
Italia;2012;09;950
Italia;2012;10;338
Italia;2012;11;532
Italia;2012;12;246
Italia;2013;01;335
Italia;2013;02;299
Italia;2013;03;436
Italia;2013;04;502
Italia;2013;05;777
Italia;2013;06;1790
Italia;2013;07;3380
Italia;2013;08;6312
Italia;2013;09;1024
Italia;2013;10;400
Italia;2013;11;656
Italia;2013;12;302
Italia;2014;01;350
Italia;2014;02;310
Italia;2014;03;604
Italia;2014;04;776
Italia;2014;05;941
Italia;2014;06;2036
Italia;2014;07;3825
Italia;2014;08;7783
Italia;2014;09;1245
Italia;2014;10;643
Italia;2014;11;819
Italia;2014;12;538
Italia;2015;01;505
Italia;2015;02;502
Italia;2015;03;880
Italia;2015;04;809
Italia;2015;05;1328
Italia;2015;06;2234
Italia;2015;07;4504
Italia;2015;08;9063
Italia;2015;09;1977
Italia;2015;10;933
Italia;2015;11;710
Italia;2015;12;372
Italia;2016;01;556
Italia;2016;02;630
Italia;2016;03;1110
Italia;2016;04;1023
Italia;2016;05;1196
Italia;2016;06;3158
Italia;2016;07;5439
Italia;2016;08;11424
Italia;2016;09;2868
Italia;2016;10;1467
Italia;2016;11;1560
Italia;2016;12;1142
Italia;2017;01;1611
Italia;2017;02;1698
Italia;2017;03;3002
Italia;2017;04;2266
Italia;2017;05;1695
Italia;2017;06;3332
Italia;2017;07;6014
Italia;2017;08;12745
Italia;2017;09;3190
Italia;2017;10;1618
Italia;2017;11;1998
Italia;2017;12;1696
Italia;2018;01;2073
Italia;2018;02;2315
Italia;2018;03;4163
Italia;2018;04;2323
Italia;2018;05;2473
Italia;2018;06;3641
Italia;2018;07;5645
Italia;2018;08;12515
Italia;2018;09;3927
Italia;2018;10;2300
Japan;2002;03;282
Japan;2002;04;178
Japan;2002;05;145
Japan;2002;06;312
Japan;2002;07;504
Japan;2002;08;698
Japan;2002;09;337
Japan;2002;10;162
Japan;2002;11;93
Japan;2002;12;169
Japan;2003;01;385
Japan;2003;02;238
Japan;2003;03;259
Japan;2003;04;146
Japan;2003;05;190
Japan;2003;06;262
Japan;2003;07;526
Japan;2003;08;723
Japan;2003;09;388
Japan;2003;10;875
Japan;2003;11;213
Japan;2003;12;253
Japan;2004;01;487
Japan;2004;02;374
Japan;2004;03;401
Japan;2004;04;270
Japan;2004;05;329
Japan;2004;06;426
Japan;2004;07;1224
Japan;2004;08;1405
Japan;2004;09;665
Japan;2004;10;237
Japan;2004;11;227
Japan;2004;12;480
Japan;2005;01;592
Japan;2005;02;466
Japan;2005;03;456
Japan;2005;04;130
Japan;2005;05;238
Japan;2005;06;482
Japan;2005;07;621
Japan;2005;08;703
Japan;2005;09;732
Japan;2005;10;912
Japan;2005;11;280
Japan;2005;12;507
Japan;2006;01;794
Japan;2006;02;449
Japan;2006;03;423
Japan;2006;04;291
Japan;2006;05;249
Japan;2006;06;507
Japan;2006;07;542
Japan;2006;08;714
Japan;2006;09;877
Japan;2006;10;829
Japan;2006;11;328
Japan;2006;12;458
Japan;2007;01;714
Japan;2007;02;528
Japan;2007;03;475
Japan;2007;04;308
Japan;2007;05;315
Japan;2007;06;463
Japan;2007;07;707
Japan;2007;08;758
Japan;2007;09;467
Japan;2007;10;371
Japan;2007;11;402
Japan;2007;12;588
Japan;2008;01;768
Japan;2008;02;668
Japan;2008;03;702
Japan;2008;04;172
Japan;2008;05;286
Japan;2008;06;545
Japan;2008;07;560
Japan;2008;08;844
Japan;2008;09;538
Japan;2008;10;455
Japan;2008;11;468
Japan;2008;12;726
Japan;2009;01;971
Japan;2009;02;588
Japan;2009;03;673
Japan;2009;04;282
Japan;2009;05;306
Japan;2009;06;558
Japan;2009;07;779
Japan;2009;08;801
Japan;2009;09;591
Japan;2009;10;491
Japan;2009;11;457
Japan;2009;12;551
Japan;2010;01;767
Japan;2010;02;751
Japan;2010;03;695
Japan;2010;04;258
Japan;2010;05;184
Japan;2010;06;335
Japan;2010;07;340
Japan;2010;08;557
Japan;2010;09;419
Japan;2010;10;361
Japan;2010;11;393
Japan;2010;12;520
Japan;2011;01;835
Japan;2011;02;712
Japan;2011;03;589
Japan;2011;04;228
Japan;2011;05;260
Japan;2011;06;590
Japan;2011;07;543
Japan;2011;08;741
Japan;2011;09;645
Japan;2011;10;535
Japan;2011;11;526
Japan;2011;12;698
Japan;2012;01;1076
Japan;2012;02;1078
Japan;2012;03;884
Japan;2012;04;415
Japan;2012;05;356
Japan;2012;06;557
Japan;2012;07;589
Japan;2012;08;828
Japan;2012;09;1812
Japan;2012;10;671
Japan;2012;11;1020
Japan;2012;12;1057
Japan;2013;01;1566
Japan;2013;02;1148
Japan;2013;03;1417
Japan;2013;04;497
Japan;2013;05;306
Japan;2013;06;533
Japan;2013;07;654
Japan;2013;08;1034
Japan;2013;09;1752
Japan;2013;10;1018
Japan;2013;11;1137
Japan;2013;12;1301
Japan;2014;01;1778
Japan;2014;02;1290
Japan;2014;03;1556
Japan;2014;04;486
Japan;2014;05;586
Japan;2014;06;575
Japan;2014;07;696
Japan;2014;08;1008
Japan;2014;09;2117
Japan;2014;10;897
Japan;2014;11;1053
Japan;2014;12;1298
Japan;2015;01;2129
Japan;2015;02;1793
Japan;2015;03;1632
Japan;2015;04;659
Japan;2015;05;570
Japan;2015;06;700
Japan;2015;07;715
Japan;2015;08;1098
Japan;2015;09;2527
Japan;2015;10;1420
Japan;2015;11;1552
Japan;2015;12;1752
Japan;2016;01;1800
Japan;2016;02;2688
Japan;2016;03;2597
Japan;2016;04;555
Japan;2016;05;737
Japan;2016;06;835
Japan;2016;07;1028
Japan;2016;08;1869
Japan;2016;09;3059
Japan;2016;10;2377
Japan;2016;11;2406
Japan;2016;12;2420
Japan;2017;01;3246
Japan;2017;02;2698
Japan;2017;03;2848
Japan;2017;04;836
Japan;2017;05;767
Japan;2017;06;805
Japan;2017;07;1007
Japan;2017;08;2018
Japan;2017;09;2547
Japan;2017;10;1978
Japan;2017;11;1783
Japan;2017;12;1864
Japan;2018;01;2495
Japan;2018;02;2396
Japan;2018;03;1864
Japan;2018;04;691
Japan;2018;05;703
Japan;2018;06;878
Japan;2018;07;962
Japan;2018;08;1971
Japan;2018;09;2019
Japan;2018;10;1882
Canada;2002;03;181
Canada;2002;04;111
Canada;2002;05;161
Canada;2002;06;455
Canada;2002;07;265
Canada;2002;08;227
Canada;2002;09;271
Canada;2002;10;157
Canada;2002;11;118
Canada;2002;12;96
Canada;2003;01;125
Canada;2003;02;93
Canada;2003;03;134
Canada;2003;04;185
Canada;2003;05;156
Canada;2003;06;339
Canada;2003;07;281
Canada;2003;08;496
Canada;2003;09;310
Canada;2003;10;221
Canada;2003;11;101
Canada;2003;12;118
Canada;2004;01;138
Canada;2004;02;95
Canada;2004;03;155
Canada;2004;04;130
Canada;2004;05;245
Canada;2004;06;378
Canada;2004;07;774
Canada;2004;08;515
Canada;2004;09;341
Canada;2004;10;183
Canada;2004;11;305
Canada;2004;12;222
Canada;2005;01;130
Canada;2005;02;128
Canada;2005;03;166
Canada;2005;04;152
Canada;2005;05;272
Canada;2005;06;398
Canada;2005;07;516
Canada;2005;08;744
Canada;2005;09;368
Canada;2005;10;195
Canada;2005;11;239
Canada;2005;12;138
Canada;2006;01;130
Canada;2006;02;128
Canada;2006;03;199
Canada;2006;04;214
Canada;2006;05;323
Canada;2006;06;442
Canada;2006;07;643
Canada;2006;08;785
Canada;2006;09;470
Canada;2006;10;470
Canada;2006;11;408
Canada;2006;12;212
Canada;2007;01;184
Canada;2007;02;114
Canada;2007;03;189
Canada;2007;04;205
Canada;2007;05;500
Canada;2007;06;993
Canada;2007;07;1173
Canada;2007;08;1358
Canada;2007;09;614
Canada;2007;10;351
Canada;2007;11;321
Canada;2007;12;294
Canada;2008;01;316
Canada;2008;02;225
Canada;2008;03;210
Canada;2008;04;350
Canada;2008;05;995
Canada;2008;06;1598
Canada;2008;07;1827
Canada;2008;08;2388
Canada;2008;09;1276
Canada;2008;10;967
Canada;2008;11;225
Canada;2008;12;191
Canada;2009;01;191
Canada;2009;02;151
Canada;2009;03;195
Canada;2009;04;640
Canada;2009;05;948
Canada;2009;06;1606
Canada;2009;07;2347
Canada;2009;08;2528
Canada;2009;09;1484
Canada;2009;10;558
Canada;2009;11;223
Canada;2009;12;192
Canada;2010;01;241
Canada;2010;02;237
Canada;2010;03;260
Canada;2010;04;234
Canada;2010;05;887
Canada;2010;06;2111
Canada;2010;07;2496
Canada;2010;08;2795
Canada;2010;09;1981
Canada;2010;10;1505
Canada;2010;11;339
Canada;2010;12;361
Canada;2011;01;352
Canada;2011;02;343
Canada;2011;03;485
Canada;2011;04;977
Canada;2011;05;1443
Canada;2011;06;2513
Canada;2011;07;3332
Canada;2011;08;3232
Canada;2011;09;2594
Canada;2011;10;1999
Canada;2011;11;349
Canada;2011;12;310
Canada;2012;01;361
Canada;2012;02;284
Canada;2012;03;455
Canada;2012;04;1294
Canada;2012;05;1746
Canada;2012;06;2698
Canada;2012;07;3048
Canada;2012;08;3652
Canada;2012;09;2488
Canada;2012;10;1702
Canada;2012;11;676
Canada;2012;12;356
Canada;2013;01;404
Canada;2013;02;374
Canada;2013;03;1044
Canada;2013;04;1584
Canada;2013;05;2278
Canada;2013;06;3333
Canada;2013;07;3573
Canada;2013;08;3632
Canada;2013;09;2944
Canada;2013;10;1978
Canada;2013;11;1730
Canada;2013;12;1096
Canada;2014;01;1020
Canada;2014;02;1139
Canada;2014;03;2304
Canada;2014;04;2835
Canada;2014;05;4020
Canada;2014;06;5347
Canada;2014;07;5328
Canada;2014;08;5534
Canada;2014;09;4423
Canada;2014;10;2779
Canada;2014;11;2630
Canada;2014;12;1431
Canada;2015;01;1527
Canada;2015;02;1663
Canada;2015;03;2211
Canada;2015;04;2427
Canada;2015;05;4475
Canada;2015;06;6355
Canada;2015;07;7069
Canada;2015;08;6946
Canada;2015;09;6770
Canada;2015;10;3559
Canada;2015;11;2254
Canada;2015;12;1398
Canada;2016;01;1569
Canada;2016;02;1611
Canada;2016;03;2601
Canada;2016;04;2540
Canada;2016;05;7421
Canada;2016;06;13087
Canada;2016;07;12305
Canada;2016;08;11955
Canada;2016;09;10845
Canada;2016;10;9943
Canada;2016;11;5465
Canada;2016;12;3802
Canada;2017;01;4199
Canada;2017;02;4929
Canada;2017;03;7346
Canada;2017;04;6014
Canada;2017;05;9079
Canada;2017;06;12612
Canada;2017;07;13830
Canada;2017;08;15442
Canada;2017;09;12353
Canada;2017;10;8575
Canada;2017;11;5253
Canada;2017;12;3394
Canada;2018;01;3938
Canada;2018;02;4018
Canada;2018;03;6177
Canada;2018;04;6308
Canada;2018;05;9581
Canada;2018;06;11446
Canada;2018;07;12568
Canada;2018;08;13407
Canada;2018;09;12590
Canada;2018;10;10218
China;2007;03;116
China;2007;04;245
China;2007;05;381
China;2007;06;1779
China;2007;07;1873
China;2007;08;1732
China;2007;09;1321
China;2007;10;1150
China;2007;11;522
China;2007;12;414
China;2008;01;226
China;2008;02;133
China;2008;03;145
China;2008;04;320
China;2008;05;647
China;2008;06;1000
China;2008;07;965
China;2008;08;684
China;2008;09;425
China;2008;10;555
China;2008;11;359
China;2008;12;301
China;2009;01;150
China;2009;02;116
China;2009;03;164
China;2009;04;242
China;2009;05;362
China;2009;06;822
China;2009;07;730
China;2009;08;1122
China;2009;09;599
China;2009;10;532
China;2009;11;235
China;2009;12;294
China;2010;01;226
China;2010;02;180
China;2010;03;162
China;2010;04;189
China;2010;05;269
China;2010;06;800
China;2010;07;787
China;2010;08;868
China;2010;09;624
China;2010;10;486
China;2010;11;297
China;2010;12;306
China;2011;01;183
China;2011;02;217
China;2011;03;239
China;2011;04;420
China;2011;05;651
China;2011;06;1389
China;2011;07;1544
China;2011;08;1323
China;2011;09;1115
China;2011;10;637
China;2011;11;373
China;2011;12;693
China;2012;01;449
China;2012;02;343
China;2012;03;376
China;2012;04;630
China;2012;05;798
China;2012;06;2093
China;2012;07;2408
China;2012;08;2417
China;2012;09;1651
China;2012;10;1080
China;2012;11;532
China;2012;12;1259
China;2013;01;738
China;2013;02;779
China;2013;03;796
China;2013;04;491
China;2013;05;896
China;2013;06;2705
China;2013;07;2628
China;2013;08;3064
China;2013;09;1797
China;2013;10;1110
China;2013;11;595
China;2013;12;1998
China;2014;01;1331
China;2014;02;1158
China;2014;03;991
China;2014;04;1053
China;2014;05;1246
China;2014;06;3794
China;2014;07;4312
China;2014;08;4403
China;2014;09;2022
China;2014;10;2016
China;2014;11;858
China;2014;12;2853
China;2015;01;2149
China;2015;02;2107
China;2015;03;1862
China;2015;04;1690
China;2015;05;2294
China;2015;06;6961
China;2015;07;7483
China;2015;08;8101
China;2015;09;4364
China;2015;10;4382
China;2015;11;1464
China;2015;12;4786
China;2016;01;3322
China;2016;02;4452
China;2016;03;3382
China;2016;04;2005
China;2016;05;2475
China;2016;06;7850
China;2016;07;8382
China;2016;08;9938
China;2016;09;6118
China;2016;10;6474
China;2016;11;2935
China;2016;12;9448
China;2017;01;7278
China;2017;02;8407
China;2017;03;5204
China;2017;04;3560
China;2017;05;3827
China;2017;06;8530
China;2017;07;9617
China;2017;08;12273
China;2017;09;6447
China;2017;10;7756
China;2017;11;2916
China;2017;12;10188
China;2018;01;6526
China;2018;02;8587
China;2018;03;4169
China;2018;04;2458
China;2018;05;3891
China;2018;06;8465
China;2018;07;9589
China;2018;08;12219
China;2018;09;8243
China;2018;10;8663
Norway;2002;03;1459
Norway;2002;04;1771
Norway;2002;05;2078
Norway;2002;06;2849
Norway;2002;07;2438
Norway;2002;08;2528
Norway;2002;09;2711
Norway;2002;10;1624
Norway;2002;11;1349
Norway;2002;12;1102
Norway;2003;01;1075
Norway;2003;02;1616
Norway;2003;03;2064
Norway;2003;04;1982
Norway;2003;05;2031
Norway;2003;06;2501
Norway;2003;07;2573
Norway;2003;08;3015
Norway;2003;09;2331
Norway;2003;10;2631
Norway;2003;11;1703
Norway;2003;12;895
Norway;2004;01;1161
Norway;2004;02;2174
Norway;2004;03;2334
Norway;2004;04;2339
Norway;2004;05;2639
Norway;2004;06;2855
Norway;2004;07;2939
Norway;2004;08;2658
Norway;2004;09;2549
Norway;2004;10;2981
Norway;2004;11;1372
Norway;2004;12;745
Norway;2005;01;1139
Norway;2005;02;1630
Norway;2005;03;1561
Norway;2005;04;2096
Norway;2005;05;2260
Norway;2005;06;2455
Norway;2005;07;2986
Norway;2005;08;3074
Norway;2005;09;2826
Norway;2005;10;2312
Norway;2005;11;1351
Norway;2005;12;851
Norway;2006;01;967
Norway;2006;02;1426
Norway;2006;03;1936
Norway;2006;04;1929
Norway;2006;05;2973
Norway;2006;06;2880
Norway;2006;07;3197
Norway;2006;08;3311
Norway;2006;09;3434
Norway;2006;10;3123
Norway;2006;11;2056
Norway;2006;12;1308
Norway;2007;01;1414
Norway;2007;02;1629
Norway;2007;03;2504
Norway;2007;04;2432
Norway;2007;05;3439
Norway;2007;06;4378
Norway;2007;07;4817
Norway;2007;08;4279
Norway;2007;09;3291
Norway;2007;10;3113
Norway;2007;11;2213
Norway;2007;12;1270
Norway;2008;01;1660
Norway;2008;02;1907
Norway;2008;03;1994
Norway;2008;04;3001
Norway;2008;05;3012
Norway;2008;06;4117
Norway;2008;07;4352
Norway;2008;08;3584
Norway;2008;09;3897
Norway;2008;10;3520
Norway;2008;11;2392
Norway;2008;12;1686
Norway;2009;01;1431
Norway;2009;02;1746
Norway;2009;03;2383
Norway;2009;04;2757
Norway;2009;05;3843
Norway;2009;06;3967
Norway;2009;07;4818
Norway;2009;08;4149
Norway;2009;09;4341
Norway;2009;10;3480
Norway;2009;11;2433
Norway;2009;12;1137
Norway;2010;01;1489
Norway;2010;02;1618
Norway;2010;03;2494
Norway;2010;04;2066
Norway;2010;05;3141
Norway;2010;06;4276
Norway;2010;07;4781
Norway;2010;08;4822
Norway;2010;09;4074
Norway;2010;10;3577
Norway;2010;11;2189
Norway;2010;12;1135
Norway;2011;01;1506
Norway;2011;02;1799
Norway;2011;03;2289
Norway;2011;04;3008
Norway;2011;05;4560
Norway;2011;06;5294
Norway;2011;07;5552
Norway;2011;08;5393
Norway;2011;09;5260
Norway;2011;10;3747
Norway;2011;11;2099
Norway;2011;12;1295
Norway;2012;01;1718
Norway;2012;02;1949
Norway;2012;03;3144
Norway;2012;04;3889
Norway;2012;05;4795
Norway;2012;06;5850
Norway;2012;07;6686
Norway;2012;08;5956
Norway;2012;09;7486
Norway;2012;10;5008
Norway;2012;11;3065
Norway;2012;12;1988
Norway;2013;01;2003
Norway;2013;02;2418
Norway;2013;03;3556
Norway;2013;04;4203
Norway;2013;05;5771
Norway;2013;06;6386
Norway;2013;07;6268
Norway;2013;08;6076
Norway;2013;09;6733
Norway;2013;10;4708
Norway;2013;11;2804
Norway;2013;12;1781
Norway;2014;01;1982
Norway;2014;02;2509
Norway;2014;03;3489
Norway;2014;04;4908
Norway;2014;05;5587
Norway;2014;06;6281
Norway;2014;07;6698
Norway;2014;08;5871
Norway;2014;09;5929
Norway;2014;10;5406
Norway;2014;11;3276
Norway;2014;12;1711
Norway;2015;01;1933
Norway;2015;02;2551
Norway;2015;03;3135
Norway;2015;04;4915
Norway;2015;05;5903
Norway;2015;06;5640
Norway;2015;07;6053
Norway;2015;08;5154
Norway;2015;09;5522
Norway;2015;10;6248
Norway;2015;11;2945
Norway;2015;12;1403
Norway;2016;01;1940
Norway;2016;02;2238
Norway;2016;03;2996
Norway;2016;04;4476
Norway;2016;05;6475
Norway;2016;06;5643
Norway;2016;07;6276
Norway;2016;08;5591
Norway;2016;09;5114
Norway;2016;10;5838
Norway;2016;11;2804
Norway;2016;12;1621
Norway;2017;01;1922
Norway;2017;02;2114
Norway;2017;03;3009
Norway;2017;04;4611
Norway;2017;05;5437
Norway;2017;06;5330
Norway;2017;07;6439
Norway;2017;08;4880
Norway;2017;09;4919
Norway;2017;10;5061
Norway;2017;11;2595
Norway;2017;12;1641
Norway;2018;01;1943
Norway;2018;02;2334
Norway;2018;03;2919
Norway;2018;04;4393
Norway;2018;05;5218
Norway;2018;06;4279
Norway;2018;07;5684
Norway;2018;08;4693
Norway;2018;09;4267
Norway;2018;10;4058
Poland;2007;03;624
Poland;2007;04;1619
Poland;2007;05;1197
Poland;2007;06;2080
Poland;2007;07;2907
Poland;2007;08;2105
Poland;2007;09;1300
Poland;2007;10;1121
Poland;2007;11;764
Poland;2007;12;5303
Poland;2008;01;808
Poland;2008;02;725
Poland;2008;03;2077
Poland;2008;04;1292
Poland;2008;05;2052
Poland;2008;06;3120
Poland;2008;07;3772
Poland;2008;08;2638
Poland;2008;09;1703
Poland;2008;10;1445
Poland;2008;11;1254
Poland;2008;12;3341
Poland;2009;01;686
Poland;2009;02;536
Poland;2009;03;682
Poland;2009;04;969
Poland;2009;05;1142
Poland;2009;06;2194
Poland;2009;07;2502
Poland;2009;08;1686
Poland;2009;09;832
Poland;2009;10;787
Poland;2009;11;535
Poland;2009;12;1789
Poland;2010;01;503
Poland;2010;02;397
Poland;2010;03;658
Poland;2010;04;632
Poland;2010;05;772
Poland;2010;06;2317
Poland;2010;07;2511
Poland;2010;08;1875
Poland;2010;09;738
Poland;2010;10;801
Poland;2010;11;522
Poland;2010;12;1527
Poland;2011;01;521
Poland;2011;02;475
Poland;2011;03;421
Poland;2011;04;939
Poland;2011;05;1392
Poland;2011;06;2136
Poland;2011;07;2839
Poland;2011;08;2035
Poland;2011;09;953
Poland;2011;10;633
Poland;2011;11;492
Poland;2011;12;1403
Poland;2012;01;470
Poland;2012;02;341
Poland;2012;03;544
Poland;2012;04;911
Poland;2012;05;1359
Poland;2012;06;2313
Poland;2012;07;2957
Poland;2012;08;2091
Poland;2012;09;1193
Poland;2012;10;754
Poland;2012;11;528
Poland;2012;12;1475
Poland;2013;01;486
Poland;2013;02;490
Poland;2013;03;682
Poland;2013;04;629
Poland;2013;05;1202
Poland;2013;06;2771
Poland;2013;07;2944
Poland;2013;08;2053
Poland;2013;09;1396
Poland;2013;10;774
Poland;2013;11;570
Poland;2013;12;1838
Poland;2014;01;678
Poland;2014;02;524
Poland;2014;03;551
Poland;2014;04;1098
Poland;2014;05;1686
Poland;2014;06;3605
Poland;2014;07;3863
Poland;2014;08;2498
Poland;2014;09;1795
Poland;2014;10;926
Poland;2014;11;771
Poland;2014;12;1964
Poland;2015;01;773
Poland;2015;02;599
Poland;2015;03;880
Poland;2015;04;958
Poland;2015;05;2408
Poland;2015;06;3919
Poland;2015;07;4915
Poland;2015;08;3645
Poland;2015;09;2663
Poland;2015;10;2187
Poland;2015;11;1451
Poland;2015;12;2681
Poland;2016;01;1171
Poland;2016;02;1153
Poland;2016;03;1490
Poland;2016;04;2055
Poland;2016;05;3326
Poland;2016;06;5210
Poland;2016;07;6101
Poland;2016;08;4525
Poland;2016;09;3819
Poland;2016;10;3412
Poland;2016;11;2867
Poland;2016;12;4484
Poland;2017;01;2555
Poland;2017;02;2873
Poland;2017;03;3697
Poland;2017;04;4150
Poland;2017;05;5017
Poland;2017;06;7026
Poland;2017;07;8618
Poland;2017;08;7092
Poland;2017;09;6661
Poland;2017;10;6338
Poland;2017;11;5278
Poland;2017;12;6994
Poland;2018;01;5511
Poland;2018;02;5958
Poland;2018;03;6845
Poland;2018;04;7218
Poland;2018;05;8890
Poland;2018;06;9480
Poland;2018;07;10168
Poland;2018;08;9132
Poland;2018;09;8094
Poland;2018;10;7277
Russia;2010;01;165
Russia;2010;02;99
Russia;2010;03;55
Russia;2010;04;47
Russia;2010;05;111
Russia;2010;06;129
Russia;2010;07;272
Russia;2010;08;378
Russia;2010;09;79
Russia;2010;10;177
Russia;2010;11;184
Russia;2010;12;59
Russia;2011;01;237
Russia;2011;02;81
Russia;2011;03;94
Russia;2011;04;130
Russia;2011;05;185
Russia;2011;06;254
Russia;2011;07;547
Russia;2011;08;444
Russia;2011;09;242
Russia;2011;10;216
Russia;2011;11;95
Russia;2011;12;72
Russia;2012;01;315
Russia;2012;02;66
Russia;2012;03;153
Russia;2012;04;203
Russia;2012;05;522
Russia;2012;06;455
Russia;2012;07;752
Russia;2012;08;1215
Russia;2012;09;372
Russia;2012;10;413
Russia;2012;11;185
Russia;2012;12;73
Russia;2013;01;355
Russia;2013;02;245
Russia;2013;03;230
Russia;2013;04;338
Russia;2013;05;503
Russia;2013;06;710
Russia;2013;07;1514
Russia;2013;08;1729
Russia;2013;09;629
Russia;2013;10;246
Russia;2013;11;298
Russia;2013;12;191
Russia;2014;01;600
Russia;2014;02;165
Russia;2014;03;348
Russia;2014;04;289
Russia;2014;05;590
Russia;2014;06;908
Russia;2014;07;1501
Russia;2014;08;2031
Russia;2014;09;666
Russia;2014;10;375
Russia;2014;11;339
Russia;2014;12;152
Russia;2015;01;328
Russia;2015;02;158
Russia;2015;03;192
Russia;2015;04;175
Russia;2015;05;406
Russia;2015;06;539
Russia;2015;07;898
Russia;2015;08;989
Russia;2015;09;475
Russia;2015;10;364
Russia;2015;11;176
Russia;2015;12;177
Russia;2016;01;220
Russia;2016;02;132
Russia;2016;03;142
Russia;2016;04;200
Russia;2016;05;475
Russia;2016;06;803
Russia;2016;07;1104
Russia;2016;08;1372
Russia;2016;09;633
Russia;2016;10;467
Russia;2016;11;487
Russia;2016;12;285
Russia;2017;01;425
Russia;2017;02;367
Russia;2017;03;479
Russia;2017;04;561
Russia;2017;05;965
Russia;2017;06;1203
Russia;2017;07;2082
Russia;2017;08;2531
Russia;2017;09;1462
Russia;2017;10;798
Russia;2017;11;617
Russia;2017;12;329
Russia;2018;01;639
Russia;2018;02;564
Russia;2018;03;762
Russia;2018;04;653
Russia;2018;05;1428
Russia;2018;06;1612
Russia;2018;07;2055
Russia;2018;08;3105
Russia;2018;09;1891
Russia;2018;10;784
Singapore;2017;06;1218
Singapore;2017;07;622
Singapore;2017;08;649
Singapore;2017;09;1065
Singapore;2017;10;1223
Singapore;2017;11;1236
Singapore;2017;12;1988
Singapore;2018;01;606
Singapore;2018;02;680
Singapore;2018;03;1096
Singapore;2018;04;731
Singapore;2018;05;572
Singapore;2018;06;1268
Singapore;2018;07;632
Singapore;2018;08;633
Singapore;2018;09;746
Singapore;2018;10;1067
Spain;2002;03;77
Spain;2002;04;145
Spain;2002;05;152
Spain;2002;06;364
Spain;2002;07;810
Spain;2002;08;1524
Spain;2002;09;341
Spain;2002;10;69
Spain;2002;11;56
Spain;2002;12;107
Spain;2003;01;125
Spain;2003;02;65
Spain;2003;03;105
Spain;2003;04;120
Spain;2003;05;303
Spain;2003;06;615
Spain;2003;07;1006
Spain;2003;08;1988
Spain;2003;09;481
Spain;2003;10;134
Spain;2003;11;68
Spain;2003;12;116
Spain;2004;01;155
Spain;2004;02;83
Spain;2004;03;74
Spain;2004;04;186
Spain;2004;05;166
Spain;2004;06;438
Spain;2004;07;1287
Spain;2004;08;2395
Spain;2004;09;537
Spain;2004;10;141
Spain;2004;11;66
Spain;2004;12;85
Spain;2005;01;106
Spain;2005;02;96
Spain;2005;03;188
Spain;2005;04;122
Spain;2005;05;288
Spain;2005;06;438
Spain;2005;07;1563
Spain;2005;08;2601
Spain;2005;09;556
Spain;2005;10;248
Spain;2005;11;118
Spain;2005;12;112
Spain;2006;01;188
Spain;2006;02;95
Spain;2006;03;91
Spain;2006;04;201
Spain;2006;05;231
Spain;2006;06;557
Spain;2006;07;1824
Spain;2006;08;3445
Spain;2006;09;716
Spain;2006;10;275
Spain;2006;11;193
Spain;2006;12;183
Spain;2007;01;191
Spain;2007;02;86
Spain;2007;03;199
Spain;2007;04;237
Spain;2007;05;515
Spain;2007;06;684
Spain;2007;07;1986
Spain;2007;08;3887
Spain;2007;09;1133
Spain;2007;10;220
Spain;2007;11;159
Spain;2007;12;158
Spain;2008;01;166
Spain;2008;02;172
Spain;2008;03;299
Spain;2008;04;173
Spain;2008;05;409
Spain;2008;06;875
Spain;2008;07;1892
Spain;2008;08;4623
Spain;2008;09;1054
Spain;2008;10;457
Spain;2008;11;147
Spain;2008;12;171
Spain;2009;01;221
Spain;2009;02;116
Spain;2009;03;172
Spain;2009;04;380
Spain;2009;05;366
Spain;2009;06;893
Spain;2009;07;3021
Spain;2009;08;6499
Spain;2009;09;1167
Spain;2009;10;540
Spain;2009;11;207
Spain;2009;12;189
Spain;2010;01;201
Spain;2010;02;175
Spain;2010;03;284
Spain;2010;04;509
Spain;2010;05;327
Spain;2010;06;761
Spain;2010;07;3023
Spain;2010;08;5257
Spain;2010;09;865
Spain;2010;10;377
Spain;2010;11;199
Spain;2010;12;259
Spain;2011;01;301
Spain;2011;02;258
Spain;2011;03;410
Spain;2011;04;505
Spain;2011;05;830
Spain;2011;06;999
Spain;2011;07;3017
Spain;2011;08;5501
Spain;2011;09;1239
Spain;2011;10;485
Spain;2011;11;187
Spain;2011;12;239
Spain;2012;01;352
Spain;2012;02;206
Spain;2012;03;346
Spain;2012;04;436
Spain;2012;05;974
Spain;2012;06;1006
Spain;2012;07;2971
Spain;2012;08;5547
Spain;2012;09;1841
Spain;2012;10;931
Spain;2012;11;280
Spain;2012;12;388
Spain;2013;01;415
Spain;2013;02;321
Spain;2013;03;373
Spain;2013;04;680
Spain;2013;05;864
Spain;2013;06;1598
Spain;2013;07;2975
Spain;2013;08;6060
Spain;2013;09;2025
Spain;2013;10;583
Spain;2013;11;606
Spain;2013;12;517
Spain;2014;01;500
Spain;2014;02;363
Spain;2014;03;566
Spain;2014;04;873
Spain;2014;05;1045
Spain;2014;06;1801
Spain;2014;07;3804
Spain;2014;08;7161
Spain;2014;09;2609
Spain;2014;10;1039
Spain;2014;11;640
Spain;2014;12;531
Spain;2015;01;657
Spain;2015;02;438
Spain;2015;03;711
Spain;2015;04;1442
Spain;2015;05;1429
Spain;2015;06;2136
Spain;2015;07;5101
Spain;2015;08;9007
Spain;2015;09;3395
Spain;2015;10;1591
Spain;2015;11;743
Spain;2015;12;516
Spain;2016;01;782
Spain;2016;02;573
Spain;2016;03;1663
Spain;2016;04;980
Spain;2016;05;1538
Spain;2016;06;2887
Spain;2016;07;6882
Spain;2016;08;11010
Spain;2016;09;5153
Spain;2016;10;2652
Spain;2016;11;2423
Spain;2016;12;2640
Spain;2017;01;2502
Spain;2017;02;2463
Spain;2017;03;3667
Spain;2017;04;3172
Spain;2017;05;2618
Spain;2017;06;4259
Spain;2017;07;8187
Spain;2017;08;13089
Spain;2017;09;7614
Spain;2017;10;3828
Spain;2017;11;3265
Spain;2017;12;3307
Spain;2018;01;3071
Spain;2018;02;3587
Spain;2018;03;4281
Spain;2018;04;4398
Spain;2018;05;3815
Spain;2018;06;4601
Spain;2018;07;8174
Spain;2018;08;12854
Spain;2018;09;9508
Spain;2018;10;5083
SouthKorea;2017;06;1004
SouthKorea;2017;07;1491
SouthKorea;2017;08;2287
SouthKorea;2017;09;1019
SouthKorea;2017;10;2427
SouthKorea;2017;11;1348
SouthKorea;2017;12;1614
SouthKorea;2018;01;1842
SouthKorea;2018;02;1447
SouthKorea;2018;03;1130
SouthKorea;2018;04;881
SouthKorea;2018;05;975
SouthKorea;2018;06;1131
SouthKorea;2018;07;1786
SouthKorea;2018;08;2254
SouthKorea;2018;09;1517
SouthKorea;2018;10;1435
Switzerland;2002;03;170
Switzerland;2002;04;103
Switzerland;2002;05;143
Switzerland;2002;06;708
Switzerland;2002;07;1884
Switzerland;2002;08;1965
Switzerland;2002;09;322
Switzerland;2002;10;89
Switzerland;2002;11;56
Switzerland;2002;12;79
Switzerland;2003;01;104
Switzerland;2003;02;71
Switzerland;2003;03;126
Switzerland;2003;04;91
Switzerland;2003;05;142
Switzerland;2003;06;650
Switzerland;2003;07;2095
Switzerland;2003;08;2275
Switzerland;2003;09;324
Switzerland;2003;10;125
Switzerland;2003;11;50
Switzerland;2003;12;68
Switzerland;2004;01;151
Switzerland;2004;02;71
Switzerland;2004;03;93
Switzerland;2004;04;119
Switzerland;2004;05;190
Switzerland;2004;06;618
Switzerland;2004;07;3161
Switzerland;2004;08;1965
Switzerland;2004;09;298
Switzerland;2004;10;148
Switzerland;2004;11;59
Switzerland;2004;12;91
Switzerland;2005;01;318
Switzerland;2005;02;100
Switzerland;2005;03;76
Switzerland;2005;04;145
Switzerland;2005;05;276
Switzerland;2005;06;498
Switzerland;2005;07;2561
Switzerland;2005;08;1870
Switzerland;2005;09;406
Switzerland;2005;10;191
Switzerland;2005;11;69
Switzerland;2005;12;90
Switzerland;2006;01;118
Switzerland;2006;02;82
Switzerland;2006;03;103
Switzerland;2006;04;165
Switzerland;2006;05;212
Switzerland;2006;06;731
Switzerland;2006;07;1963
Switzerland;2006;08;1848
Switzerland;2006;09;349
Switzerland;2006;10;170
Switzerland;2006;11;135
Switzerland;2006;12;89
Switzerland;2007;01;276
Switzerland;2007;02;91
Switzerland;2007;03;120
Switzerland;2007;04;129
Switzerland;2007;05;247
Switzerland;2007;06;841
Switzerland;2007;07;2283
Switzerland;2007;08;2029
Switzerland;2007;09;498
Switzerland;2007;10;198
Switzerland;2007;11;91
Switzerland;2007;12;108
Switzerland;2008;01;195
Switzerland;2008;02;103
Switzerland;2008;03;98
Switzerland;2008;04;151
Switzerland;2008;05;272
Switzerland;2008;06;738
Switzerland;2008;07;2340
Switzerland;2008;08;2214
Switzerland;2008;09;598
Switzerland;2008;10;214
Switzerland;2008;11;100
Switzerland;2008;12;113
Switzerland;2009;01;268
Switzerland;2009;02;123
Switzerland;2009;03;114
Switzerland;2009;04;230
Switzerland;2009;05;341
Switzerland;2009;06;1030
Switzerland;2009;07;2694
Switzerland;2009;08;2826
Switzerland;2009;09;582
Switzerland;2009;10;198
Switzerland;2009;11;84
Switzerland;2009;12;156
Switzerland;2010;01;229
Switzerland;2010;02;186
Switzerland;2010;03;157
Switzerland;2010;04;175
Switzerland;2010;05;305
Switzerland;2010;06;1013
Switzerland;2010;07;3158
Switzerland;2010;08;2829
Switzerland;2010;09;584
Switzerland;2010;10;306
Switzerland;2010;11;125
Switzerland;2010;12;96
Switzerland;2011;01;315
Switzerland;2011;02;152
Switzerland;2011;03;170
Switzerland;2011;04;186
Switzerland;2011;05;325
Switzerland;2011;06;946
Switzerland;2011;07;3659
Switzerland;2011;08;2957
Switzerland;2011;09;841
Switzerland;2011;10;336
Switzerland;2011;11;139
Switzerland;2011;12;129
Switzerland;2012;01;252
Switzerland;2012;02;169
Switzerland;2012;03;230
Switzerland;2012;04;325
Switzerland;2012;05;360
Switzerland;2012;06;1461
Switzerland;2012;07;3918
Switzerland;2012;08;3696
Switzerland;2012;09;1025
Switzerland;2012;10;1021
Switzerland;2012;11;207
Switzerland;2012;12;174
Switzerland;2013;01;345
Switzerland;2013;02;427
Switzerland;2013;03;375
Switzerland;2013;04;398
Switzerland;2013;05;472
Switzerland;2013;06;1721
Switzerland;2013;07;4235
Switzerland;2013;08;4239
Switzerland;2013;09;1209
Switzerland;2013;10;405
Switzerland;2013;11;281
Switzerland;2013;12;200
Switzerland;2014;01;376
Switzerland;2014;02;388
Switzerland;2014;03;383
Switzerland;2014;04;594
Switzerland;2014;05;884
Switzerland;2014;06;2250
Switzerland;2014;07;5140
Switzerland;2014;08;4742
Switzerland;2014;09;1948
Switzerland;2014;10;1131
Switzerland;2014;11;764
Switzerland;2014;12;715
Switzerland;2015;01;1116
Switzerland;2015;02;1118
Switzerland;2015;03;1035
Switzerland;2015;04;1100
Switzerland;2015;05;1354
Switzerland;2015;06;3038
Switzerland;2015;07;6460
Switzerland;2015;08;5516
Switzerland;2015;09;2760
Switzerland;2015;10;1665
Switzerland;2015;11;483
Switzerland;2015;12;290
Switzerland;2016;01;554
Switzerland;2016;02;949
Switzerland;2016;03;1158
Switzerland;2016;04;1244
Switzerland;2016;05;1591
Switzerland;2016;06;3213
Switzerland;2016;07;7256
Switzerland;2016;08;6090
Switzerland;2016;09;2879
Switzerland;2016;10;2508
Switzerland;2016;11;660
Switzerland;2016;12;580
Switzerland;2017;01;937
Switzerland;2017;02;1331
Switzerland;2017;03;1306
Switzerland;2017;04;2021
Switzerland;2017;05;1686
Switzerland;2017;06;3335
Switzerland;2017;07;6437
Switzerland;2017;08;6237
Switzerland;2017;09;3063
Switzerland;2017;10;2463
Switzerland;2017;11;746
Switzerland;2017;12;604
Switzerland;2018;01;938
Switzerland;2018;02;1196
Switzerland;2018;03;1126
Switzerland;2018;04;1791
Switzerland;2018;05;1784
Switzerland;2018;06;2986
Switzerland;2018;07;5484
Switzerland;2018;08;5231
Switzerland;2018;09;3168
Switzerland;2018;10;2760
Sweden;2002;03;1241
Sweden;2002;04;2404
Sweden;2002;05;2330
Sweden;2002;06;2645
Sweden;2002;07;2629
Sweden;2002;08;3206
Sweden;2002;09;2190
Sweden;2002;10;1820
Sweden;2002;11;1410
Sweden;2002;12;1242
Sweden;2003;01;973
Sweden;2003;02;1217
Sweden;2003;03;2004
Sweden;2003;04;2227
Sweden;2003;05;2132
Sweden;2003;06;2380
Sweden;2003;07;2739
Sweden;2003;08;3560
Sweden;2003;09;2665
Sweden;2003;10;2602
Sweden;2003;11;1812
Sweden;2003;12;900
Sweden;2004;01;1096
Sweden;2004;02;1422
Sweden;2004;03;1837
Sweden;2004;04;2727
Sweden;2004;05;2588
Sweden;2004;06;2741
Sweden;2004;07;3798
Sweden;2004;08;3091
Sweden;2004;09;2693
Sweden;2004;10;2636
Sweden;2004;11;1720
Sweden;2004;12;696
Sweden;2005;01;1090
Sweden;2005;02;928
Sweden;2005;03;1478
Sweden;2005;04;2385
Sweden;2005;05;2799
Sweden;2005;06;2806
Sweden;2005;07;3586
Sweden;2005;08;3799
Sweden;2005;09;2502
Sweden;2005;10;2531
Sweden;2005;11;1803
Sweden;2005;12;895
Sweden;2006;01;837
Sweden;2006;02;873
Sweden;2006;03;1143
Sweden;2006;04;1884
Sweden;2006;05;3128
Sweden;2006;06;3093
Sweden;2006;07;3901
Sweden;2006;08;3658
Sweden;2006;09;2867
Sweden;2006;10;2984
Sweden;2006;11;1801
Sweden;2006;12;1196
Sweden;2007;01;1465
Sweden;2007;02;1189
Sweden;2007;03;1838
Sweden;2007;04;1867
Sweden;2007;05;2911
Sweden;2007;06;4056
Sweden;2007;07;5129
Sweden;2007;08;4968
Sweden;2007;09;3367
Sweden;2007;10;3397
Sweden;2007;11;2025
Sweden;2007;12;1144
Sweden;2008;01;1544
Sweden;2008;02;1468
Sweden;2008;03;1570
Sweden;2008;04;1856
Sweden;2008;05;3094
Sweden;2008;06;4354
Sweden;2008;07;4646
Sweden;2008;08;4123
Sweden;2008;09;3337
Sweden;2008;10;2946
Sweden;2008;11;1857
Sweden;2008;12;1464
Sweden;2009;01;1440
Sweden;2009;02;1166
Sweden;2009;03;1720
Sweden;2009;04;2733
Sweden;2009;05;3544
Sweden;2009;06;3521
Sweden;2009;07;4562
Sweden;2009;08;4111
Sweden;2009;09;3290
Sweden;2009;10;2511
Sweden;2009;11;1849
Sweden;2009;12;974
Sweden;2010;01;1525
Sweden;2010;02;1247
Sweden;2010;03;1614
Sweden;2010;04;1773
Sweden;2010;05;2362
Sweden;2010;06;3092
Sweden;2010;07;4018
Sweden;2010;08;4152
Sweden;2010;09;2727
Sweden;2010;10;2359
Sweden;2010;11;1878
Sweden;2010;12;1197
Sweden;2011;01;2033
Sweden;2011;02;1185
Sweden;2011;03;2015
Sweden;2011;04;2381
Sweden;2011;05;2953
Sweden;2011;06;4018
Sweden;2011;07;4893
Sweden;2011;08;4536
Sweden;2011;09;3423
Sweden;2011;10;2440
Sweden;2011;11;1766
Sweden;2011;12;1192
Sweden;2012;01;1440
Sweden;2012;02;1035
Sweden;2012;03;1680
Sweden;2012;04;2651
Sweden;2012;05;3509
Sweden;2012;06;3995
Sweden;2012;07;6257
Sweden;2012;08;4926
Sweden;2012;09;4139
Sweden;2012;10;2648
Sweden;2012;11;2146
Sweden;2012;12;1175
Sweden;2013;01;1480
Sweden;2013;02;1142
Sweden;2013;03;2079
Sweden;2013;04;2647
Sweden;2013;05;3683
Sweden;2013;06;4461
Sweden;2013;07;5298
Sweden;2013;08;5069
Sweden;2013;09;3899
Sweden;2013;10;2527
Sweden;2013;11;1955
Sweden;2013;12;1251
Sweden;2014;01;1760
Sweden;2014;02;1292
Sweden;2014;03;1938
Sweden;2014;04;3234
Sweden;2014;05;4264
Sweden;2014;06;5405
Sweden;2014;07;6328
Sweden;2014;08;5856
Sweden;2014;09;4251
Sweden;2014;10;2865
Sweden;2014;11;2314
Sweden;2014;12;1485
Sweden;2015;01;2027
Sweden;2015;02;1628
Sweden;2015;03;2292
Sweden;2015;04;3289
Sweden;2015;05;5181
Sweden;2015;06;4505
Sweden;2015;07;6191
Sweden;2015;08;5851
Sweden;2015;09;4513
Sweden;2015;10;3670
Sweden;2015;11;2642
Sweden;2015;12;1307
Sweden;2016;01;1738
Sweden;2016;02;1720
Sweden;2016;03;2652
Sweden;2016;04;3187
Sweden;2016;05;6069
Sweden;2016;06;6750
Sweden;2016;07;9073
Sweden;2016;08;7435
Sweden;2016;09;5791
Sweden;2016;10;4745
Sweden;2016;11;3507
Sweden;2016;12;1848
Sweden;2017;01;2567
Sweden;2017;02;2027
Sweden;2017;03;2683
Sweden;2017;04;4638
Sweden;2017;05;6129
Sweden;2017;06;7788
Sweden;2017;07;8670
Sweden;2017;08;7101
Sweden;2017;09;5457
Sweden;2017;10;4025
Sweden;2017;11;3154
Sweden;2017;12;1990
Sweden;2018;01;2296
Sweden;2018;02;1914
Sweden;2018;03;2745
Sweden;2018;04;4622
Sweden;2018;05;5448
Sweden;2018;06;5535
Sweden;2018;07;7298
Sweden;2018;08;6058
Sweden;2018;09;4962
Sweden;2018;10;3521
Taiwan;2017;06;3781
Taiwan;2017;07;3532
Taiwan;2017;08;2436
Taiwan;2017;09;2642
Taiwan;2017;10;5671
Taiwan;2017;11;2039
Taiwan;2017;12;1364
Taiwan;2018;01;1615
Taiwan;2018;02;3006
Taiwan;2018;03;3257
Taiwan;2018;04;2140
Taiwan;2018;05;1244
Taiwan;2018;06;2780
Taiwan;2018;07;2560
Taiwan;2018;08;1877
Taiwan;2018;09;2789
Taiwan;2018;10;3378
Germany;2002;03;1264
Germany;2002;04;947
Germany;2002;05;1535
Germany;2002;06;4113
Germany;2002;07;7652
Germany;2002;08;9060
Germany;2002;09;2547
Germany;2002;10;811
Germany;2002;11;503
Germany;2002;12;654
Germany;2003;01;784
Germany;2003;02;683
Germany;2003;03;1001
Germany;2003;04;1009
Germany;2003;05;1571
Germany;2003;06;5142
Germany;2003;07;9576
Germany;2003;08;9959
Germany;2003;09;4544
Germany;2003;10;1251
Germany;2003;11;608
Germany;2003;12;679
Germany;2004;01;873
Germany;2004;02;715
Germany;2004;03;1246
Germany;2004;04;1239
Germany;2004;05;2099
Germany;2004;06;4666
Germany;2004;07;10691
Germany;2004;08;10861
Germany;2004;09;3420
Germany;2004;10;1132
Germany;2004;11;890
Germany;2004;12;707
Germany;2005;01;986
Germany;2005;02;777
Germany;2005;03;1268
Germany;2005;04;1171
Germany;2005;05;2504
Germany;2005;06;4714
Germany;2005;07;8623
Germany;2005;08;9927
Germany;2005;09;4347
Germany;2005;10;1206
Germany;2005;11;894
Germany;2005;12;970
Germany;2006;01;1207
Germany;2006;02;796
Germany;2006;03;1137
Germany;2006;04;1410
Germany;2006;05;1941
Germany;2006;06;5030
Germany;2006;07;8952
Germany;2006;08;10368
Germany;2006;09;4094
Germany;2006;10;1635
Germany;2006;11;880
Germany;2006;12;1039
Germany;2007;01;1058
Germany;2007;02;886
Germany;2007;03;1314
Germany;2007;04;1390
Germany;2007;05;2365
Germany;2007;06;5347
Germany;2007;07;10438
Germany;2007;08;11140
Germany;2007;09;3191
Germany;2007;10;1382
Germany;2007;11;995
Germany;2007;12;1050
Germany;2008;01;1162
Germany;2008;02;1094
Germany;2008;03;1568
Germany;2008;04;1468
Germany;2008;05;3098
Germany;2008;06;5708
Germany;2008;07;11047
Germany;2008;08;10612
Germany;2008;09;5025
Germany;2008;10;1865
Germany;2008;11;1201
Germany;2008;12;1272
Germany;2009;01;1482
Germany;2009;02;1212
Germany;2009;03;1778
Germany;2009;04;2017
Germany;2009;05;2996
Germany;2009;06;7317
Germany;2009;07;11619
Germany;2009;08;14330
Germany;2009;09;5375
Germany;2009;10;1726
Germany;2009;11;1108
Germany;2009;12;919
Germany;2010;01;1374
Germany;2010;02;1263
Germany;2010;03;1530
Germany;2010;04;1565
Germany;2010;05;2816
Germany;2010;06;8412
Germany;2010;07;13306
Germany;2010;08;14414
Germany;2010;09;5200
Germany;2010;10;2294
Germany;2010;11;1191
Germany;2010;12;1012
Germany;2011;01;1538
Germany;2011;02;1310
Germany;2011;03;2133
Germany;2011;04;2496
Germany;2011;05;3064
Germany;2011;06;9584
Germany;2011;07;12498
Germany;2011;08;14001
Germany;2011;09;5891
Germany;2011;10;2230
Germany;2011;11;1122
Germany;2011;12;948
Germany;2012;01;1272
Germany;2012;02;1079
Germany;2012;03;2015
Germany;2012;04;2571
Germany;2012;05;4045
Germany;2012;06;9659
Germany;2012;07;15461
Germany;2012;08;16633
Germany;2012;09;6418
Germany;2012;10;2703
Germany;2012;11;1922
Germany;2012;12;1401
Germany;2013;01;2101
Germany;2013;02;2278
Germany;2013;03;3117
Germany;2013;04;2786
Germany;2013;05;5163
Germany;2013;06;12139
Germany;2013;07;15027
Germany;2013;08;18457
Germany;2013;09;7669
Germany;2013;10;3198
Germany;2013;11;2367
Germany;2013;12;1512
Germany;2014;01;2329
Germany;2014;02;2140
Germany;2014;03;3410
Germany;2014;04;3508
Germany;2014;05;4822
Germany;2014;06;14035
Germany;2014;07;18059
Germany;2014;08;19330
Germany;2014;09;9983
Germany;2014;10;3306
Germany;2014;11;2941
Germany;2014;12;2052
Germany;2015;01;2971
Germany;2015;02;3415
Germany;2015;03;5067
Germany;2015;04;3722
Germany;2015;05;6771
Germany;2015;06;14458
Germany;2015;07;20047
Germany;2015;08;23236
Germany;2015;09;12717
Germany;2015;10;5784
Germany;2015;11;3117
Germany;2015;12;2079
Germany;2016;01;3268
Germany;2016;02;3733
Germany;2016;03;6099
Germany;2016;04;4318
Germany;2016;05;9641
Germany;2016;06;17433
Germany;2016;07;25203
Germany;2016;08;26872
Germany;2016;09;16849
Germany;2016;10;9480
Germany;2016;11;5864
Germany;2016;12;4029
Germany;2017;01;6002
Germany;2017;02;6542
Germany;2017;03;9916
Germany;2017;04;9299
Germany;2017;05;10727
Germany;2017;06;21607
Germany;2017;07;25620
Germany;2017;08;27933
Germany;2017;09;17624
Germany;2017;10;10128
Germany;2017;11;6307
Germany;2017;12;4108
Germany;2018;01;6168
Germany;2018;02;6885
Germany;2018;03;9174
Germany;2018;04;8012
Germany;2018;05;11921
Germany;2018;06;16363
Germany;2018;07;20595
Germany;2018;08;21830
Germany;2018;09;16310
Germany;2018;10;11164
Other;2002;03;1221
Other;2002;04;1674
Other;2002;05;1917
Other;2002;06;4530
Other;2002;07;5334
Other;2002;08;5519
Other;2002;09;2586
Other;2002;10;1844
Other;2002;11;1162
Other;2002;12;1745
Other;2003;01;1863
Other;2003;02;966
Other;2003;03;1609
Other;2003;04;2105
Other;2003;05;1862
Other;2003;06;3714
Other;2003;07;6216
Other;2003;08;6618
Other;2003;09;3129
Other;2003;10;2702
Other;2003;11;1975
Other;2003;12;1737
Other;2004;01;1447
Other;2004;02;1306
Other;2004;03;1960
Other;2004;04;2441
Other;2004;05;3520
Other;2004;06;5555
Other;2004;07;7979
Other;2004;08;7467
Other;2004;09;3960
Other;2004;10;3082
Other;2004;11;2207
Other;2004;12;2203
Other;2005;01;1506
Other;2005;02;1564
Other;2005;03;2345
Other;2005;04;2260
Other;2005;05;3850
Other;2005;06;6284
Other;2005;07;9998
Other;2005;08;8569
Other;2005;09;5207
Other;2005;10;4345
Other;2005;11;2600
Other;2005;12;4366
Other;2006;01;2011
Other;2006;02;1778
Other;2006;03;2016
Other;2006;04;4035
Other;2006;05;5001
Other;2006;06;8172
Other;2006;07;11708
Other;2006;08;10225
Other;2006;09;6753
Other;2006;10;5268
Other;2006;11;4057
Other;2006;12;7137
Other;2007;01;3569
Other;2007;02;2775
Other;2007;03;3064
Other;2007;04;3245
Other;2007;05;5386
Other;2007;06;8567
Other;2007;07;11743
Other;2007;08;11446
Other;2007;09;4915
Other;2007;10;5490
Other;2007;11;4153
Other;2007;12;4526
Other;2008;01;3309
Other;2008;02;2281
Other;2008;03;3713
Other;2008;04;3548
Other;2008;05;5763
Other;2008;06;10369
Other;2008;07;14780
Other;2008;08;14795
Other;2008;09;5920
Other;2008;10;5233
Other;2008;11;4633
Other;2008;12;3633
Other;2009;01;2929
Other;2009;02;2064
Other;2009;03;2589
Other;2009;04;3247
Other;2009;05;4352
Other;2009;06;8796
Other;2009;07;14600
Other;2009;08;13308
Other;2009;09;5205
Other;2009;10;3851
Other;2009;11;2600
Other;2009;12;2885
Other;2010;01;2449
Other;2010;02;2223
Other;2010;03;3078
Other;2010;04;3166
Other;2010;05;3611
Other;2010;06;7972
Other;2010;07;13218
Other;2010;08;12782
Other;2010;09;5878
Other;2010;10;4228
Other;2010;11;2555
Other;2010;12;2609
Other;2011;01;2488
Other;2011;02;2231
Other;2011;03;2783
Other;2011;04;3532
Other;2011;05;4293
Other;2011;06;8569
Other;2011;07;14812
Other;2011;08;13098
Other;2011;09;6397
Other;2011;10;4722
Other;2011;11;2599
Other;2011;12;3066
Other;2012;01;3088
Other;2012;02;2630
Other;2012;03;3350
Other;2012;04;3815
Other;2012;05;5726
Other;2012;06;9842
Other;2012;07;17772
Other;2012;08;15140
Other;2012;09;7543
Other;2012;10;5418
Other;2012;11;4291
Other;2012;12;4146
Other;2013;01;4022
Other;2013;02;3811
Other;2013;03;4861
Other;2013;04;6205
Other;2013;05;6461
Other;2013;06;12182
Other;2013;07;21475
Other;2013;08;19835
Other;2013;09;10169
Other;2013;10;7769
Other;2013;11;5368
Other;2013;12;5685
Other;2014;01;5383
Other;2014;02;5236
Other;2014;03;8275
Other;2014;04;7707
Other;2014;05;9682
Other;2014;06;16771
Other;2014;07;22883
Other;2014;08;25986
Other;2014;09;12684
Other;2014;10;10090
Other;2014;11;7979
Other;2014;12;8970
Other;2015;01;8579
Other;2015;02;7674
Other;2015;03;11669
Other;2015;04;10914
Other;2015;05;14851
Other;2015;06;25149
Other;2015;07;30796
Other;2015;08;29597
Other;2015;09;20204
Other;2015;10;15510
Other;2015;11;12295
Other;2015;12;12657
Other;2016;01;12265
Other;2016;02;13481
Other;2016;03;18716
Other;2016;04;17011
Other;2016;05;18702
Other;2016;06;27629
Other;2016;07;36230
Other;2016;08;33831
Other;2016;09;32147
Other;2016;10;26173
Other;2016;11;23723
Other;2016;12;25988
Other;2017;01;23239
Other;2017;02;23902
Other;2017;03;28696
Other;2017;04;26247
Other;2017;05;23585
Other;2017;06;14296
Other;2017;07;16593
Other;2017;08;17855
Other;2017;09;18129
Other;2017;10;15493
Other;2017;11;13330
Other;2017;12;13426
Other;2018;01;12678
Other;2018;02;12250
Other;2018;03;16275
Other;2018;04;14059
Other;2018;05;14445
Other;2018;06;17205
Other;2018;07;18453
Other;2018;08;19334
Other;2018;09;19186
Other;2018;10;18731
